state_name,district_name,Nitrogen,Phosphorus,Potassium,Soil Ph
Andaman And Nicobar Islands,Nicobars,4.727810650887574,4.727810650887574,4.727810650887574,4.727810650887574
Andaman And Nicobar Islands,North And Middle Andaman,20.01834862385321,20.01834862385321,20.01834862385321,20.01834862385321
Andaman And Nicobar Islands,South Andamans,11.195876288659793,11.195876288659793,11.195876288659793,11.195876288659793
Andhra Pradesh,Alluri Sitharama Raju,2.685761316872428,2.688888888888889,2.690864197530864,2.645267489711934
Andhra Pradesh,Anakapalli,9.231490462334303,9.246362754607178,9.23892660847074,9.229227287423214
Andhra Pradesh,Ananthapuramu,11.105403348554033,11.104261796042618,11.103881278538813,11.106164383561644
Andhra Pradesh,Annamayya,11.323037323037322,11.37022737022737,11.432432432432432,11.057057057057056
Andhra Pradesh,Bapatla,17.438095238095237,17.414603174603176,17.438095238095237,17.438095238095237
Andhra Pradesh,Chittoor,8.226020137784843,8.23105458399576,8.23105458399576,8.216216216216216
Andhra Pradesh,Dr. B.R. Ambedkar Konaseema,16.2682379349046,16.2682379349046,16.272727272727273,16.261503928170594
Andhra Pradesh,East Godavari,17.156330749354005,17.155038759689923,17.156330749354005,17.1453488372093
Andhra Pradesh,Eluru,11.816017316017316,11.808080808080808,11.816378066378066,11.812049062049063
Andhra Pradesh,Guntur,19.071557971014492,19.055253623188406,19.077898550724637,19.055253623188406
Andhra Pradesh,Kakinada,12.960405156537753,12.933241252302025,12.947974217311234,12.946132596685082
Andhra Pradesh,Krishna,11.34084272006675,11.34084272006675,11.00584063412599,11.335836462244473
Andhra Pradesh,Kurnool,13.010808473843493,13.012970168612192,13.008646779074795,12.975356679636835
Andhra Pradesh,Nandyal,11.467247097844112,11.467661691542288,11.473051409618574,11.446102819237147
Andhra Pradesh,Ntr,12.708478513356562,12.707317073170731,12.708478513356562,12.706736353077817
Andhra Pradesh,Palnadu,14.608828006088281,14.622019279553527,14.631659056316591,14.497209538305428
Andhra Pradesh,Parvathipuram Manyam,6.769318505845452,6.76988879384089,6.76988879384089,6.76960364984317
Andhra Pradesh,Prakasam,9.392885375494071,9.398418972332015,9.403952569169961,9.364426877470356
Andhra Pradesh,Sri Potti Sriramulu Nellore,8.81955100880932,8.819835180448992,8.819835180448992,8.81898266552998
Andhra Pradesh,Sri Sathya Sai,11.404886561954624,11.403577661431065,11.403577661431065,11.3739092495637
Andhra Pradesh,Srikakulam,5.69950890116636,5.695825659914058,5.698741559238797,5.698127685696747
Andhra Pradesh,Tirupati,6.696705426356589,6.69937015503876,6.703730620155039,6.6790213178294575
Andhra Pradesh,Visakhapatnam,11.08395061728395,11.08395061728395,11.08395061728395,11.061728395061728
Andhra Pradesh,Vizianagaram,7.139737991266376,7.137408088235294,7.135998162186998,7.136520340151689
Andhra Pradesh,West Godavari,14.9534355479841,14.944917660420217,14.957410562180579,14.904599659284498
Andhra Pradesh,Y.S.R. Kadapa,9.350432831035588,9.369196285622799,9.413008651073374,9.164796409105483
Arunachal Pradesh,Anjaw,3.8,3.5161904761904763,3.5428571428571427,3.7923809523809524
Arunachal Pradesh,Changlang,12.692063492063491,12.7,12.731746031746031,12.423809523809524
Arunachal Pradesh,Dibang Valley,12.629032258064516,9.263440860215054,10.817204301075268,12.629032258064516
Arunachal Pradesh,East Kameng,5.964705882352941,5.966013071895425,5.967320261437909,5.922875816993464
Arunachal Pradesh,East Siang,13.753333333333334,13.743333333333334,13.743333333333334,13.596666666666666
Arunachal Pradesh,Kamle,8.080128205128204,8.080128205128204,8.080128205128204,8.03525641025641
Arunachal Pradesh,Kra Daadi,5.682539682539683,5.682539682539683,5.680952380952381,5.665079365079365
Arunachal Pradesh,Kurung Kumey,6.1433333333333335,6.1466666666666665,6.1433333333333335,6.126666666666667
Arunachal Pradesh,Leparada,10.166666666666666,10.178571428571429,10.182539682539682,10.13888888888889
Arunachal Pradesh,Lohit,13.78125,12.881944444444445,13.152777777777779,13.729166666666666
Arunachal Pradesh,Longding,16.58130081300813,16.577235772357724,16.58130081300813,16.565040650406505
Arunachal Pradesh,Lower Dibang Valley,11.728395061728396,10.504409171075837,11.483245149911816,11.728395061728396
Arunachal Pradesh,Lower Siang,8.237179487179487,8.237179487179487,8.23397435897436,8.195512820512821
Arunachal Pradesh,Lower Subansiri,7.552742616033755,7.552742616033755,7.556962025316456,7.4957805907173
Arunachal Pradesh,Namsai,11.763052208835342,10.485943775100402,10.251004016064257,11.76706827309237
Arunachal Pradesh,Pakke Kessang,15.290598290598291,15.290598290598291,15.294871794871796,15.222222222222221
Arunachal Pradesh,Papum Pare,7.235772357723577,7.237804878048781,7.239837398373984,7.216463414634147
Arunachal Pradesh,Shi Yomi,9.957364341085272,9.957364341085272,9.957364341085272,9.957364341085272
Arunachal Pradesh,Siang,12.810035842293907,12.824372759856631,12.824372759856631,12.716845878136201
Arunachal Pradesh,Tawang,8.61952861952862,8.616161616161616,8.622895622895623,8.609427609427609
Arunachal Pradesh,Tirap,13.843843843843844,13.843843843843844,13.843843843843844,13.837837837837839
Arunachal Pradesh,Upper Siang,8.744897959183673,8.748299319727892,8.748299319727892,8.755102040816327
Arunachal Pradesh,Upper Subansiri,4.387596899224806,4.3893195521102495,4.390180878552972,4.3858742463393625
Arunachal Pradesh,West Kameng,14.70048309178744,14.705314009661835,14.705314009661835,14.671497584541063
Arunachal Pradesh,West Siang,8.607142857142858,8.623809523809523,8.638095238095238,8.511904761904763
Assam,Bajali,85.33333333333333,85.33333333333333,85.33333333333333,85.33333333333333
Assam,Baksa,129.73394495412845,129.73394495412845,128.55454545454546,129.73394495412845
Assam,Barpeta,93.74385510996119,93.62273901808786,93.61369509043928,93.74385510996119
Assam,Biswanath,56.572433192686354,56.572433192686354,56.572433192686354,56.65211267605634
Assam,Bongaigaon,51.31834929992631,51.38376383763838,51.280559646539025,51.39557195571956
Assam,Cachar,70.85185185185185,70.85185185185185,70.85185185185185,71.03329065300896
Assam,Charaideo,61.14942528735632,61.14942528735632,61.14942528735632,61.14942528735632
Assam,Chirang,24.495049504950494,24.495049504950494,24.495049504950494,24.495049504950494
Assam,Darrang,58.29094412331406,58.29094412331406,58.29094412331406,58.29094412331406
Assam,Dhemaji,25.784684684684684,25.784684684684684,25.784684684684684,25.831227436823106
Assam,Dhubri,23.238186707645024,23.244811683320524,23.210445468509985,23.23780253553592
Assam,Dibrugarh,59.71092077087794,59.583333333333336,59.583333333333336,59.71092077087794
Assam,Dima Hasao,5.595555555555555,5.595555555555555,5.595555555555555,5.595555555555555
Assam,Goalpara,37.47308641975309,37.47308641975309,37.47308641975309,37.491600790513836
Assam,Golaghat,72.14687714481812,72.19642857142857,72.09739368998628,72.14687714481812
Assam,Hailakandi,52.54794520547945,52.53150684931507,52.404371584699454,52.69230769230769
Assam,Hojai,47.22748815165877,47.22748815165877,47.22748815165877,47.22748815165877
Assam,Jorhat,43.039045553145336,43.039045553145336,42.94588744588744,43.07018813314038
Assam,Kamrup,49.26393270241851,49.26393270241851,49.26393270241851,49.26393270241851
Assam,Kamrup Metro,22.073170731707318,22.073170731707318,22.073170731707318,22.073170731707318
Assam,Karbi Anglong,16.516939890710383,16.516939890710383,16.516939890710383,16.516939890710383
Assam,Kokrajhar,26.66432337434095,26.66432337434095,26.58893280632411,26.66432337434095
Assam,Lakhimpur,59.05511811023622,59.05511811023622,59.05511811023622,59.05511811023622
Assam,Marigaon,64.04909560723515,64.04909560723515,64.04909560723515,64.04909560723515
Assam,Nagaon,63.90984848484848,63.81316187594554,63.76492819349962,64.1513307984791
Assam,Nalbari,82.36363636363636,82.36363636363636,82.36363636363636,82.36363636363636
Assam,Sivasagar,59.0,59.0,59.0,59.203448275862065
Assam,Sonitpur,40.02227171492205,39.93333333333333,39.96293550778354,40.02227171492205
Assam,South Salmara Mancachar,18.068627450980394,18.068627450980394,18.068627450980394,18.068627450980394
Assam,Sribhumi,46.3574297188755,46.3574297188755,46.3574297188755,46.3574297188755
Assam,Tamulpur,74.37037037037037,74.37037037037037,74.37037037037037,74.37037037037037
Assam,Tinsukia,42.48035487959442,42.48035487959442,42.48035487959442,42.53426395939086
Assam,Udalguri,38.08793969849246,38.08793969849246,38.08793969849246,38.08793969849246
Assam,West Karbi Anglong,17.92572463768116,17.92572463768116,17.92572463768116,17.92572463768116
Bihar,Araria,5.4226190476190474,5.423534798534798,5.423992673992674,5.424450549450549
Bihar,Arwal,6.884920634920635,6.883928571428571,6.883928571428571,7.1021825396825395
Bihar,Aurangabad,2.787361891839504,2.7896879240162824,2.7896879240162824,2.7898002714756642
Bihar,Banka,3.133602378929482,3.132936929284349,3.1327245699723933,3.132752761257434
Bihar,Begusarai,9.495426271496523,9.48501461988304,9.483187134502923,9.495792169776802
Bihar,Bhagalpur,6.067176870748299,6.067176870748299,6.067176870748299,6.067176870748299
Bihar,Bhojpur,5.897502903600465,5.898083623693379,5.897212543554007,5.897793263646922
Bihar,Buxar,5.01363073110285,5.010842627013631,5.012391573729864,5.01363073110285
Bihar,Darbhanga,9.909346169273967,9.90814279983955,9.908543922984355,9.909346169273967
Bihar,Gaya,3.8471337579617835,3.847841472045294,3.8479594243925455,3.8479594243925455
Bihar,Gopalganj,5.279578189300412,5.244598765432099,5.246656378600823,5.279835390946502
Bihar,Jamui,3.096422648661455,3.095711916607439,3.095475005922767,3.095711916607439
Bihar,Jehanabad,6.585920177383592,6.619390581717451,6.616620498614958,6.649473100388242
Bihar,Kaimur (Bhabua),3.4932509723175476,3.493022191718142,3.4907343857240907,3.492564630519332
Bihar,Katihar,6.502765647743813,6.502765647743813,6.5030567685589515,6.503639010189229
Bihar,Khagaria,10.792433537832311,10.780163599182004,10.76278118609407,10.795501022494888
Bihar,Kishanganj,4.617319787131108,4.615087040618955,4.617319787131108,4.6169491525423725
Bihar,Lakhisarai,6.844285714285714,6.8491779842744815,6.843571428571429,6.8491779842744815
Bihar,Madhepura,14.320987654320987,14.322530864197532,14.322530864197532,14.32175925925926
Bihar,Madhubani,8.611304347826087,8.624927536231883,8.624927536231883,8.622608695652174
Bihar,Munger,6.281717317896768,6.284129281234925,6.284129281234925,6.278822961890979
Bihar,Muzaffarpur,4.48235544217687,4.48469387755102,4.48469387755102,4.484906462585034
Bihar,Nalanda,9.069244604316546,9.062649880095924,9.06384892086331,9.285071942446043
Bihar,Nawada,6.316571790006325,6.316571790006325,6.316571790006325,6.301707779886148
Bihar,Pashchim Champaran,6.026062753036437,6.027573994434607,6.026315789473684,6.026821862348178
Bihar,Patna,10.117744610281923,10.12346498506472,10.117081260364843,10.12379688018586
Bihar,Purbi Champaran,10.959259259259259,10.964672364672365,10.964387464387464,10.964672364672365
Bihar,Purnia,6.303459547807137,6.311002178649238,6.312176518659766,6.31244892399891
Bihar,Rohtas,4.301025641025641,4.300683760683761,4.300512820512821,4.300854700854701
Bihar,Saharsa,9.237891737891738,9.235754985754985,9.225071225071225,9.241452991452991
Bihar,Samastipur,7.500138542532557,7.500692712662787,7.499861457467443,7.500415627597673
Bihar,Saran,6.153878145144521,6.154086088583905,6.154086088583905,6.154086088583905
Bihar,Sheikhpura,8.49485596707819,8.49485596707819,8.493827160493828,8.489711934156379
Bihar,Sheohar,12.190258751902588,12.173515981735159,12.178082191780822,12.278538812785389
Bihar,Sitamarhi,10.659210526315789,10.659649122807018,10.657017543859649,10.700877192982457
Bihar,Siwan,5.904797047970479,5.904797047970479,5.902829028290283,5.905043050430504
Bihar,Supaul,8.840269277845778,8.832415902140673,8.824464831804281,8.84751990202082
Bihar,Vaishali,5.377901109989909,5.374432677760968,5.374684820978316,5.37578814627995
Chhattisgarh,Balod,43.12698412698413,43.12301587301587,43.13492063492063,43.09920634920635
Chhattisgarh,Balodabazar-Bhatapara,43.12549019607843,43.141176470588235,43.141176470588235,43.08627450980392
Chhattisgarh,Balrampur-Ramanujganj,45.191489361702125,45.184397163120565,45.191489361702125,45.184397163120565
Chhattisgarh,Bastar,38.94252873563219,38.94252873563219,38.94252873563219,38.91494252873563
Chhattisgarh,Bemetara,44.04761904761905,44.04761904761905,44.04761904761905,44.03663003663004
Chhattisgarh,Bijapur,30.56687898089172,30.56687898089172,30.469841269841268,30.469841269841268
Chhattisgarh,Bilaspur,45.88636363636363,45.89393939393939,45.89393939393939,45.89393939393939
Chhattisgarh,Dakshin Bastar Dantewada,45.756410256410255,45.756410256410255,45.756410256410255,45.75213675213675
Chhattisgarh,Dhamtari,42.83180428134557,42.83180428134557,42.82874617737003,42.79204892966361
Chhattisgarh,Durg,48.49090909090909,48.49090909090909,48.49090909090909,48.472727272727276
Chhattisgarh,Gariyaband,30.988235294117647,31.07843137254902,31.235294117647058,30.59607843137255
Chhattisgarh,Gaurela-Pendra-Marwahi,50.43809523809524,50.13333333333333,50.41904761904762,50.42857142857143
Chhattisgarh,Janjgir-Champa,64.46774193548387,64.48924731182795,64.51075268817205,64.38709677419355
Chhattisgarh,Jashpur,48.0177304964539,48.0177304964539,48.0177304964539,48.01418439716312
Chhattisgarh,Kabeerdham,35.77510040160642,35.77510040160642,35.77911646586345,35.76706827309237
Chhattisgarh,Khairagarh-Chhuikhadan-Gandai,40.7687074829932,40.795918367346935,40.802721088435376,40.666666666666664
Chhattisgarh,Kondagaon,42.821969696969695,42.82575757575758,42.82575757575758,42.81818181818182
Chhattisgarh,Korba,29.264150943396228,22.048218029350103,29.27882599580713,29.20964360587002
Chhattisgarh,Korea,51.364583333333336,51.364583333333336,51.364583333333336,51.364583333333336
Chhattisgarh,Mahasamund,25.813725490196077,25.81764705882353,25.82156862745098,25.768627450980393
Chhattisgarh,Manendragarh-Chirmiri-Bharatpur(M C B),37.42962962962963,37.4,37.42962962962963,37.407407407407405
Chhattisgarh,Mohla-Manpur-Ambagarh Chouki,28.566666666666666,28.571428571428573,28.571428571428573,28.557142857142857
Chhattisgarh,Mungeli,45.029761904761905,45.11904761904762,45.154761904761905,44.42857142857143
Chhattisgarh,Narayanpur,31.71153846153846,31.78205128205128,31.897435897435898,31.365384615384617
Chhattisgarh,Raigarh,15.75954861111111,15.764756944444445,15.77170138888889,15.710069444444445
Chhattisgarh,Raipur,55.523148148148145,55.532407407407405,55.5462962962963,55.486111111111114
Chhattisgarh,Rajnandgaon,48.764227642276424,48.77235772357724,48.78048780487805,48.68292682926829
Chhattisgarh,Sakti,44.17777777777778,44.18888888888889,44.16111111111111,44.394444444444446
Chhattisgarh,Sarangarh-Bilaigarh,25.593406593406595,25.5970695970696,25.611721611721613,25.523809523809526
Chhattisgarh,Sukma,43.21333333333333,43.22666666666667,43.24,43.20666666666666
Chhattisgarh,Surajpur,55.42424242424242,55.42857142857143,55.42424242424242,55.41125541125541
Chhattisgarh,Surguja,46.68,46.68,46.68,46.64666666666667
Chhattisgarh,Uttar Bastar Kanker,30.552083333333332,30.552083333333332,30.552083333333332,30.55034722222222
Goa,North Goa,13.891056910569105,12.564227642276423,13.754471544715447,13.791869918699186
Goa,South Goa,15.950558213716109,14.421052631578947,15.953748006379586,15.9170653907496
Gujarat,Ahmedabad,7.438651372957942,7.438651372957942,7.438651372957942,7.438303788668752
Gujarat,Amreli,7.431246655965757,7.43151417870519,7.43151417870519,7.43151417870519
Gujarat,Anand,7.5,7.5,7.5,7.5
Gujarat,Arvalli,7.759009009009009,7.759009009009009,7.759009009009009,7.759009009009009
Gujarat,Banas Kantha,7.332249322493225,7.332249322493225,7.332249322493225,7.332249322493225
Gujarat,Bharuch,7.260548523206751,7.260548523206751,7.260548523206751,7.260548523206751
Gujarat,Bhavnagar,7.4934320515882495,7.48890479599141,7.487700023883448,7.493670886075949
Gujarat,Botad,7.635964912280702,7.635964912280702,7.635964912280702,7.635964912280702
Gujarat,Chhotaudepur,7.722898550724637,7.722898550724637,7.722898550724637,7.722898550724637
Gujarat,Dahod,7.512764932562621,7.512764932562621,7.512764932562621,7.51252408477842
Gujarat,Dangs,7.441935483870968,7.441935483870968,7.441935483870968,7.441935483870968
Gujarat,Devbhumi Dwarka,7.775103163686382,7.781830695113558,7.776478679504814,7.774948382656572
Gujarat,Gandhinagar,7.500578703703703,7.500578703703703,7.499421296296297,7.500578703703703
Gujarat,Gir Somnath,7.613198458574181,7.6175337186897885,7.621868978805395,7.542870905587669
Gujarat,Jamnagar,6.079441117764471,6.079441117764471,6.079441117764471,6.074650698602794
Gujarat,Junagadh,7.5664721141374836,7.568741893644617,7.573281452658884,7.5457198443579765
Gujarat,Kachchh,7.624548049476689,7.617825921702774,7.621647327373027,7.626047220106626
Gujarat,Kheda,7.471849008317339,7.471849008317339,7.471849008317339,7.471209213051823
Gujarat,Mahesana,7.535584705554005,7.548270089285714,7.551185495118549,7.448227742115546
Gujarat,Mahisagar,6.574181117533719,6.574181117533719,6.574181117533719,6.573699421965318
Gujarat,Morbi,7.528019323671497,7.528019323671497,7.528019323671497,7.528019323671497
Gujarat,Narmada,7.540433925049309,7.5437212360289285,7.54404996712689,7.52103879026956
Gujarat,Navsari,7.474546259406817,7.474546259406817,7.474546259406817,7.473660911907924
Gujarat,Panch Mahals,7.511484593837535,7.511484593837535,7.511484593837535,7.511484593837535
Gujarat,Patan,7.60453074433657,7.605177993527508,7.605501618122977,7.599029126213592
Gujarat,Porbandar,7.652365236523653,7.652365236523653,7.652365236523653,7.652365236523653
Gujarat,Rajkot,7.737222222222222,7.727222222222222,7.7375,7.7375
Gujarat,Sabar Kantha,6.839007092198582,6.839007092198582,6.839007092198582,6.839007092198582
Gujarat,Surat,7.765469824293354,7.765469824293354,7.765469824293354,7.765469824293354
Gujarat,Surendranagar,7.506504770164788,7.506504770164788,7.506504770164788,7.5056374674761495
Gujarat,Tapi,6.814322628276116,6.814322628276116,6.814322628276116,6.813215208564046
Gujarat,Vadodara,7.5143785946486625,7.5143785946486625,7.5143785946486625,7.5143785946486625
Gujarat,Valsad,7.420617816091954,7.420617816091954,7.420617816091954,7.417744252873563
Haryana,Ambala,0.021621621621621623,94.29009009009009,94.29009009009009,94.2936936936937
Haryana,Bhiwani,0.04735883424408015,104.92418772563177,104.73513513513514,105.30434782608695
Haryana,Charkhi Dadri,0.0,64.93229166666667,64.93229166666667,64.93229166666667
Haryana,Faridabad,0.011904761904761904,59.51190476190476,59.523809523809526,59.523809523809526
Haryana,Fatehabad,0.0744047619047619,110.30059523809524,110.30952380952381,110.30059523809524
Haryana,Gurugram,0.42028985507246375,56.97826086956522,57.0,57.0
Haryana,Hisar,0.08333333333333333,137.73866666666666,137.744,138.48257372654155
Haryana,Jhajjar,0.2857142857142857,197.53221288515405,197.53221288515405,198.08683473389357
Haryana,Jind,0.0,130.06185567010309,130.06529209621993,130.06529209621993
Haryana,Kaithal,0.02586206896551724,170.3505747126437,170.1293103448276,170.3505747126437
Haryana,Karnal,0.010498687664041995,83.52230971128608,83.5249343832021,83.51706036745406
Haryana,Kurukshetra,7.384458077709612,111.57055214723927,111.57464212678937,111.56850715746421
Haryana,Mahendragarh,31.253687315634217,88.41002949852508,88.41592920353982,88.41592920353982
Haryana,Nuh,0.0648508430609598,90.00129701686122,90.00259403372245,90.00259403372245
Haryana,Palwal,0.0,63.09661835748792,63.09661835748792,63.09661835748792
Haryana,Panchkula,0.05303030303030303,62.984848484848484,62.996212121212125,62.98863636363637
Haryana,Panipat,0.029411764705882353,86.31372549019608,86.31372549019608,86.30882352941177
Haryana,Rewari,0.0,151.71614583333334,151.71614583333334,151.71875
Haryana,Rohtak,0.005555555555555556,80.12222222222222,80.12777777777778,80.07222222222222
Haryana,Sirsa,41.097517730496456,152.65248226950354,152.64893617021278,152.63120567375887
Haryana,Sonipat,0.061855670103092786,84.94158075601375,84.94158075601375,84.94158075601375
Haryana,Yamunanagar,0.005917159763313609,70.96646942800788,70.96449704142012,70.96449704142012
Himachal Pradesh,Bilaspur,6.647357723577236,6.651422764227642,6.650406504065041,6.551829268292683
Himachal Pradesh,Chamba,6.030581039755352,6.034658511722732,6.0417940876656475,5.968399592252803
Himachal Pradesh,Hamirpur,6.780163599182004,6.78118609406953,6.78118609406953,6.768916155419223
Himachal Pradesh,Kangra,5.275063336952588,5.274701411509229,5.275063336952588,5.274701411509229
Himachal Pradesh,Kinnaur,4.964601769911504,4.964601769911504,4.964601769911504,4.911504424778761
Himachal Pradesh,Kullu,11.206666666666667,11.206666666666667,11.206666666666667,11.206666666666667
Himachal Pradesh,Lahaul And Spiti,3.7547619047619047,3.7547619047619047,3.7547619047619047,3.7547619047619047
Himachal Pradesh,Mandi,6.005321722302854,6.004837929366231,6.004354136429608,5.985486211901306
Himachal Pradesh,Shimla,3.740137221269297,3.747427101200686,3.7439965694682678,3.6599485420240137
Himachal Pradesh,Sirmaur,5.881383855024712,5.891268533772652,5.901153212520593,5.773289365210222
Himachal Pradesh,Solan,0.00273224043715847,4.895023858214042,4.896387184730743,4.893515358361775
Himachal Pradesh,Una,6.022203947368421,6.027960526315789,6.027960526315789,5.882207578253706
Jammu And Kashmir,Anantnag,8.144124168514413,8.169992609017,8.187869822485206,8.048852701702442
Jammu And Kashmir,Bandipora,31.871794871794872,31.937728937728938,31.95970695970696,31.384615384615383
Jammu And Kashmir,Baramulla,19.396078431372548,19.46470588235294,19.474509803921567,19.36862745098039
Jammu And Kashmir,Budgam,10.364316239316238,10.560897435897436,10.55982905982906,10.382478632478632
Jammu And Kashmir,Doda,13.107142857142858,13.114285714285714,13.121428571428572,13.019047619047619
Jammu And Kashmir,Ganderbal,16.42948717948718,16.419871794871796,16.42628205128205,16.378205128205128
Jammu And Kashmir,Jammu,3.6983385254413292,3.7009345794392523,3.7009345794392523,3.66926272066459
Jammu And Kashmir,Kathua,12.347140039447732,12.351084812623274,12.353057199211046,12.287968441814595
Jammu And Kashmir,Kishtwar,9.100877192982455,9.100877192982455,9.100877192982455,9.100877192982455
Jammu And Kashmir,Kulgam,12.254820936639119,12.253443526170798,12.25068870523416,12.214876033057852
Jammu And Kashmir,Kupwara,31.848238482384822,31.848238482384822,31.848238482384822,31.84552845528455
Jammu And Kashmir,Poonch,40.83870967741935,40.8494623655914,40.8494623655914,40.784946236559136
Jammu And Kashmir,Pulwama,20.485260770975056,20.55328798185941,20.55328798185941,20.53061224489796
Jammu And Kashmir,Rajouri,8.329735034347399,8.324509803921568,8.339548577036311,8.25540275049116
Jammu And Kashmir,Ramban,11.648148148148149,11.62962962962963,11.643518518518519,11.62962962962963
Jammu And Kashmir,Reasi,6.301204819277109,6.301204819277109,6.303212851405623,6.259036144578313
Jammu And Kashmir,Samba,2.5698924731182795,2.5731182795698926,2.5731182795698926,2.478494623655914
Jammu And Kashmir,Shopian,31.031007751937985,31.01937984496124,31.01937984496124,30.984496124031008
Jammu And Kashmir,Srinagar,21.33888888888889,21.35,21.35,21.17222222222222
Jammu And Kashmir,Udhampur,11.63768115942029,11.631884057971014,11.63768115942029,11.634782608695652
Jharkhand,Bokaro,6.075706214689266,6.088135593220339,6.101694915254237,5.929943502824859
Jharkhand,Chatra,14.050934880722115,14.054158607350097,14.056737588652481,14.019987105093488
Jharkhand,Deoghar,5.700979094998677,5.704232804232804,5.710428798305982,5.673193966657846
Jharkhand,Dhanbad,6.206211180124224,6.21055900621118,6.2118012422360245,6.206832298136646
Jharkhand,Dumka,5.404794520547945,5.406849315068493,5.407305936073059,5.4
Jharkhand,East Singhbum,7.090562440419447,7.092469018112488,7.093740069907849,7.070225611693677
Jharkhand,Garhwa,12.286142322097378,12.221722846441947,12.29438202247191,12.204494382022473
Jharkhand,Giridih,5.886965643849987,5.887490165224233,5.888276947285602,5.876999737739313
Jharkhand,Godda,13.264136904761905,13.269345238095237,13.273809523809524,13.211309523809524
Jharkhand,Gumla,8.415479582146249,8.415479582146249,8.416904083570751,8.401709401709402
Jharkhand,Hazaribagh,6.714018691588785,6.718380062305296,6.720249221183801,6.661682242990654
Jharkhand,Jamtara,7.649959579628133,7.6362903225806456,7.657766990291262,7.644300727566693
Jharkhand,Khunti,6.898888888888889,6.957777777777777,6.958888888888889,6.956666666666667
Jharkhand,Koderma,7.613778705636744,7.6054279749478075,7.61169102296451,7.613778705636744
Jharkhand,Latehar,8.68515497553018,8.684067427949973,8.68515497553018,8.681348558999456
Jharkhand,Lohardaga,13.146892655367232,13.141242937853107,13.143126177024483,13.136534839924671
Jharkhand,Pakur,8.403333333333334,8.421666666666667,8.4325,8.2925
Jharkhand,Palamu,5.812448132780083,5.799253421816673,5.803897180762853,5.7569473247615095
Jharkhand,Ramgarh,10.078853046594983,10.068100358422939,10.078853046594983,10.046594982078853
Jharkhand,Ranchi,5.666666666666667,5.666666666666667,5.667322834645669,5.661417322834645
Jharkhand,Sahebganj,6.746275605214152,6.7472067039106145,6.7472067039106145,6.738361266294227
Jharkhand,Saraikela Kharsawan,8.385897435897435,8.398290598290599,8.405128205128205,8.247435897435897
Jharkhand,Simdega,11.59608843537415,11.60204081632653,11.606292517006803,11.522108843537415
Jharkhand,West Singhbhum,9.623497997329773,9.62572318647085,9.622607921673342,9.605696484201157
Karnataka,Bagalkote,15.239926739926739,15.239926739926739,15.239468864468865,15.239468864468865
Karnataka,Ballari,31.438518518518517,31.438518518518517,31.438518518518517,31.438518518518517
Karnataka,Belagavi,13.773524720893143,13.774056353003722,13.774056353003722,13.774056353003722
Karnataka,Bengaluru Rural,15.529665587918014,15.529665587918014,15.529665587918014,15.529665587918014
Karnataka,Bengaluru South,17.265107212475634,17.264132553606238,17.265107212475634,17.265107212475634
Karnataka,Bengaluru Urban,12.850187265917603,12.850187265917603,12.850187265917603,12.850187265917603
Karnataka,Bidar,27.834269662921347,27.839887640449437,27.839887640449437,27.839887640449437
Karnataka,Chamarajanagar,26.94795127353267,26.943521594684384,26.94795127353267,26.94795127353267
Karnataka,Chikkaballapura,18.327231121281464,18.327231121281464,18.327231121281464,18.327231121281464
Karnataka,Chikkamagaluru,13.166986564299425,13.166986564299425,13.166986564299425,13.166986564299425
Karnataka,Chitradurga,21.834188034188035,21.834188034188035,21.833618233618235,21.834188034188035
Karnataka,Dakshina Kannada,25.273291925465838,25.273291925465838,25.273291925465838,25.273291925465838
Karnataka,Davanagere,16.990514905149052,16.991192411924118,16.991192411924118,16.991192411924118
Karnataka,Dharwad,23.727735368956743,23.727735368956743,23.727735368956743,23.727735368956743
Karnataka,Gadag,35.43783783783784,35.43783783783784,35.43783783783784,35.43783783783784
Karnataka,Hassan,16.887596899224807,16.887596899224807,16.887596899224807,16.887596899224807
Karnataka,Haveri,15.121980676328503,15.121980676328503,15.121980676328503,15.121980676328503
Karnataka,Kalaburagi,35.78691983122363,35.787974683544306,35.787974683544306,35.787974683544306
Karnataka,Kodagu,39.71180555555556,39.71180555555556,39.71180555555556,39.71180555555556
Karnataka,Kolar,8.920654396728017,8.920654396728017,8.920654396728017,8.920654396728017
Karnataka,Koppal,23.213797814207652,23.213797814207652,23.213797814207652,23.213797814207652
Karnataka,Mandya,16.05749636098981,16.05749636098981,16.05749636098981,16.05749636098981
Karnataka,Mysuru,20.635258358662615,20.635258358662615,20.635258358662615,20.635258358662615
Karnataka,Raichur,13.535035035035035,13.535035035035035,13.535035035035035,13.534534534534535
Karnataka,Shivamogga,12.676814988290397,12.680718188914911,12.68384074941452,12.68384074941452
Karnataka,Tumakuru,18.831615120274915,18.831615120274915,18.831615120274915,18.831615120274915
Karnataka,Udupi,23.65625,23.65625,23.65625,23.65451388888889
Karnataka,Uttara Kannada,13.467521367521368,13.466666666666667,13.466666666666667,13.462393162393163
Karnataka,Vijayanagara,22.62033462033462,22.626769626769626,22.626769626769626,22.626769626769626
Karnataka,Vijayapura,15.088071348940915,15.088071348940915,15.088071348940915,15.088071348940915
Karnataka,Yadgir,26.926881720430107,26.926881720430107,26.926881720430107,26.9247311827957
Kerala,Alappuzha,0.0842911877394636,28.842911877394634,28.846743295019156,28.632183908045977
Kerala,Ernakulam,0.049707602339181284,23.14327485380117,23.137426900584796,23.13450292397661
Kerala,Idukki,25.71212121212121,40.398989898989896,40.39393939393939,40.26262626262626
Kerala,Kannur,0.02956989247311828,21.166666666666668,21.182795698924732,21.0752688172043
Kerala,Kasaragod,0.008771929824561403,21.98830409356725,22.04385964912281,22.026315789473685
Kerala,Kollam,0.031746031746031744,24.52698412698413,24.514285714285716,24.501587301587303
Kerala,Kottayam,0.041237113402061855,25.302405498281786,25.31958762886598,25.2680412371134
Kerala,Kozhikode,0.08974358974358974,20.778846153846153,20.82371794871795,20.689102564102566
Kerala,Malappuram,0.6779661016949152,37.28813559322034,37.30508474576271,36.779661016949156
Kerala,Palakkad,0.013071895424836602,16.640522875816995,16.649237472766885,16.555555555555557
Kerala,Pathanamthitta,0.010256410256410256,32.34871794871795,32.37948717948718,32.18974358974359
Kerala,Thiruvananthapuram,0.057692307692307696,47.09615384615385,47.11538461538461,47.083333333333336
Kerala,Thrissur,0.004347826086956522,10.66231884057971,10.666666666666666,10.802898550724638
Kerala,Wayanad,0.006944444444444444,55.31944444444444,55.298611111111114,55.326388888888886
Ladakh,Kargil,0.023809523809523808,12.845238095238095,12.869047619047619,12.880952380952381
Ladakh,Leh Ladakh,0.0,13.458333333333334,13.458333333333334,13.458333333333334
Madhya Pradesh,Agar-Malwa,11.800269905533064,11.802519118308592,11.803868645973909,11.76923076923077
Madhya Pradesh,Alirajpur,16.053645116918844,16.060981201283816,16.06510774873911,15.97203117835855
Madhya Pradesh,Anuppur,14.723639455782314,14.723639455782314,14.723639455782314,14.72278911564626
Madhya Pradesh,Ashoknagar,10.802650957290133,10.824742268041238,10.837015218458518,10.670103092783505
Madhya Pradesh,Balaghat,12.92135593220339,12.922485875706215,12.92497175141243,12.893107344632769
Madhya Pradesh,Barwani,15.519302152932443,15.521900519673348,15.528210838901263,15.483667409057164
Madhya Pradesh,Betul,12.36574682435392,12.39137100306614,12.396189224704337,12.311651335961454
Madhya Pradesh,Bhind,11.437782076079948,11.45003223726628,11.460992907801419,11.343004513217279
Madhya Pradesh,Bhopal,5.530980392156863,5.530196078431373,5.531764705882353,5.525490196078431
Madhya Pradesh,Burhanpur,10.054901960784314,10.05359477124183,10.054901960784314,10.049673202614379
Madhya Pradesh,Chhatarpur,10.762615493958778,10.753020611229566,10.75550817341862,10.732054015636106
Madhya Pradesh,Chhindwara,10.204848003179018,10.2266137040715,10.244537147397695,10.030212681375472
Madhya Pradesh,Damoh,11.915628891656288,11.922142634693243,11.920921544209216,11.76798505138586
Madhya Pradesh,Datia,8.085354896675652,8.086253369272237,8.085354896675652,8.071877807726864
Madhya Pradesh,Dewas,7.997434252726107,8.038913833654052,8.043190079110541,8.027367970921532
Madhya Pradesh,Dhar,18.785520138374103,18.792191746973067,18.79787496911292,18.7353595255745
Madhya Pradesh,Dindori,13.370321444297666,13.37120211360634,13.374284456186702,13.334654337296346
Madhya Pradesh,Guna,9.109289617486338,9.113387978142077,9.121311475409836,9.054918032786885
Madhya Pradesh,Gwalior,8.175270873167623,8.182281708094328,8.18483110261313,8.158062460165711
Madhya Pradesh,Harda,19.90843621399177,19.909465020576132,19.909465020576132,19.906378600823047
Madhya Pradesh,Indore,12.004504504504505,12.014157014157014,12.021235521235521,11.913770913770914
Madhya Pradesh,Jabalpur,8.585738539898133,8.582296380090497,8.588002263723826,8.580288870008497
Madhya Pradesh,Jhabua,13.747015610651975,13.764462809917354,13.78099173553719,13.679981634527088
Madhya Pradesh,Katni,8.97157622739018,8.972868217054264,8.974806201550388,8.948966408268733
Madhya Pradesh,Khandwa (East Nimar),11.610599721059971,11.611994421199443,11.611715481171547,11.604463040446303
Madhya Pradesh,Khargone (West Nimar),9.178176067474961,9.181690388332454,9.185380425232823,9.127218415041293
Madhya Pradesh,Maihar,9.385365853658536,9.386178861788618,9.386991869918699,9.37479674796748
Madhya Pradesh,Mandla,6.564037319762511,6.570822731128074,6.573932711337291,6.524173027989822
Madhya Pradesh,Mandsaur,6.846582278481013,6.852330293819655,6.851392405063291,6.828520770010131
Madhya Pradesh,Mauganj,8.971528181289948,9.000583430571762,9.019883040935673,9.064042303172737
Madhya Pradesh,Morena,12.679784729229734,12.679784729229734,12.679784729229734,12.677766565758493
Madhya Pradesh,Narmadapuram,11.080570902394108,11.107734806629834,11.132136279926335,10.809852670349908
Madhya Pradesh,Narsimhapur,6.896270396270396,6.8991841491841495,6.900932400932401,6.840034965034965
Madhya Pradesh,Neemuch,7.389297385620915,7.390522875816994,7.391339869281046,7.382352941176471
Madhya Pradesh,Niwari,5.082725060827251,5.416058394160584,10.35279805352798,10.318734793187348
Madhya Pradesh,Pandhurna,11.437062937062937,11.48018648018648,11.508158508158509,11.203962703962704
Madhya Pradesh,Panna,9.619614512471655,9.629818594104309,9.637755102040817,9.377551020408163
Madhya Pradesh,Raisen,6.086275668488699,6.045944748116413,6.045937961595273,6.032353375683262
Madhya Pradesh,Rajgarh,8.812658227848102,8.80309423347398,8.78677918424754,8.746554149085794
Madhya Pradesh,Ratlam,11.2834008097166,11.284480431848852,11.285829959514171,11.263157894736842
Madhya Pradesh,Rewa,7.560668498168498,7.560668498168498,7.56043956043956,7.559065934065934
Madhya Pradesh,Sagar,5.449298280292548,5.448221343873517,5.447144833036949,5.439810239177703
Madhya Pradesh,Satna,7.406951707167026,7.407874500153799,7.411819021237304,7.38295908951092
Madhya Pradesh,Sehore,7.658637302133517,7.662307868777242,7.660701995870612,7.585455379674237
Madhya Pradesh,Seoni,7.182037768994291,7.184672815107597,7.186868686868687,7.157663592446201
Madhya Pradesh,Shahdol,12.427083333333334,12.427083333333334,12.42609126984127,12.424107142857142
Madhya Pradesh,Shajapur,13.265536723163843,13.273754494093478,13.278376990241396,13.191576784797125
Madhya Pradesh,Sheopur,8.829995549621717,8.833555852247441,8.835781041388518,8.802403204272363
Madhya Pradesh,Shivpuri,10.76508937960042,10.770767613038906,10.781913774973711,10.656361724500526
Madhya Pradesh,Sidhi,8.069095114194853,8.069673315987279,8.069962416883492,8.053483665799364
Madhya Pradesh,Singrauli,16.71536523929471,16.720403022670027,16.72124265323258,16.69101595298069
Madhya Pradesh,Tikamgarh,2.2861189801699715,7.982058545797923,10.755429650613786,10.719546742209632
Madhya Pradesh,Ujjain,8.233590733590734,8.236593736593736,8.238095238095237,8.216001716001715
Madhya Pradesh,Umaria,12.372769953051643,12.375586854460094,12.364319248826291,12.375586854460094
Madhya Pradesh,Vidisha,7.197556358630184,7.20702116675271,7.209946652899673,7.136981586646016
Maharashtra,Ahilyanagar,13.797584541062802,13.832367149758454,13.840579710144928,13.821739130434782
Maharashtra,Akola,14.27437106918239,14.27437106918239,14.27437106918239,14.273584905660377
Maharashtra,Amravati,12.677239844184752,12.67779632721202,12.67779632721202,12.78074568725654
Maharashtra,Beed,15.612529002320185,15.614075792730086,15.616395978344935,15.588553750966744
Maharashtra,Bhandara,14.508383635144199,14.50637156270959,14.508383635144199,14.508383635144199
Maharashtra,Buldhana,10.882766705744432,10.884720593982024,10.884720593982024,10.88042203985932
Maharashtra,Chandrapur,14.1217277486911,14.122164048865619,14.12260034904014,14.106893542757417
Maharashtra,Chhatrapati Sambhajinagar,13.176065162907268,13.176691729323307,13.176691729323307,13.159147869674186
Maharashtra,Dharashiv,19.582146248812915,19.58784425451092,19.588793922127255,19.575498575498575
Maharashtra,Dhule,11.389273356401384,11.389850057670127,11.389850057670127,11.389273356401384
Maharashtra,Gadchiroli,11.318118948824344,11.341632088520056,11.366528354080222,11.168741355463347
Maharashtra,Gondia,15.975738396624472,15.975738396624472,15.977848101265822,15.966244725738397
Maharashtra,Hingoli,11.807058823529411,11.807058823529411,11.807058823529411,11.807843137254903
Maharashtra,Jalgaon,14.552469135802468,14.554526748971194,14.555041152263374,14.541152263374485
Maharashtra,Jalna,14.779432624113475,14.779432624113475,14.779432624113475,14.777304964539008
Maharashtra,Kolhapur,8.18629550321199,8.185938615274804,8.185938615274804,8.18629550321199
Maharashtra,Latur,14.923025435073628,14.925033467202143,14.926372155287819,14.91566265060241
Maharashtra,Nagpur,8.977237654320987,8.978395061728396,8.979166666666666,8.974151234567902
Maharashtra,Nanded,14.72680145152929,14.742353551062727,14.759979263867288,14.628823224468636
Maharashtra,Nandurbar,15.372003093580819,15.37277648878577,15.372003093580819,15.368136117556071
Maharashtra,Nashik,11.182852143482064,11.183727034120736,11.184601924759406,11.177311169437154
Maharashtra,Palghar,28.55246913580247,28.589506172839506,28.57716049382716,28.589506172839506
Maharashtra,Parbhani,14.011221122112211,14.019141914191419,14.023102310231023,13.950495049504951
Maharashtra,Pune,11.029258517034068,11.020016012810249,11.024829795754906,11.033680834001604
Maharashtra,Raigad,8.831764705882353,8.926274509803921,8.928235294117647,8.935294117647059
Maharashtra,Ratnagiri,16.13154533844189,16.126436781609197,16.126436781609197,16.125159642401023
Maharashtra,Sangli,14.144025157232704,14.144025157232704,14.144025157232704,14.140251572327044
Maharashtra,Satara,10.891187739463602,10.895019157088123,10.89463601532567,10.88544061302682
Maharashtra,Sindhudurg,15.829301075268818,15.83736559139785,15.845430107526882,15.74731182795699
Maharashtra,Solapur,14.861160981448235,14.863554757630162,14.86594853381209,14.833034111310592
Maharashtra,Thane,11.139376218323587,11.141325536062379,11.141325536062379,11.14327485380117
Maharashtra,Wardha,10.5636105188344,10.565742714996446,10.567874911158492,10.552238805970148
Maharashtra,Washim,13.189344852411807,13.189344852411807,13.190064794816415,13.187185025197984
Maharashtra,Yavatmal,23.27355072463768,23.280797101449274,23.286231884057973,23.244565217391305
Manipur,Churachandpur,4.573333333333333,4.426666666666667,4.493333333333333,3.9066666666666667
Meghalaya,East Garo Hills,7.971631205673759,7.971631205673759,7.971631205673759,7.971631205673759
Meghalaya,East Jaintia Hills,10.94927536231884,10.94927536231884,10.945652173913043,10.945652173913043
Meghalaya,East Khasi Hills,6.132291666666666,6.133333333333334,6.134375,6.127083333333333
Meghalaya,Eastern West Khasi Hills,8.36936936936937,8.36936936936937,8.36936936936937,8.364864864864865
Meghalaya,North Garo Hills,10.077519379844961,10.081395348837209,10.085271317829458,10.015503875968992
Meghalaya,Ri Bhoi,6.598526703499079,6.602209944751381,6.609576427255985,6.585635359116022
Meghalaya,South Garo Hills,9.526881720430108,9.526881720430108,9.526881720430108,9.512544802867383
Meghalaya,South West Garo Hills,4.556237218813906,4.556237218813906,4.556237218813906,4.556237218813906
Meghalaya,South West Khasi Hills,4.506802721088436,4.506802721088436,4.51360544217687,4.5
Meghalaya,West Garo Hills,6.685971685971686,6.685971685971686,6.684684684684685,6.680823680823681
Meghalaya,West Jaintia Hills,13.517615176151761,13.525745257452575,13.525745257452575,13.493224932249323
Meghalaya,West Khasi Hills,6.545197740112994,6.545197740112994,6.5508474576271185,6.528248587570621
Mizoram,Aizawl,16.431924882629108,16.431924882629108,16.427230046948356,16.408450704225352
Mizoram,Champhai,29.064814814814813,29.064814814814813,29.064814814814813,28.97222222222222
Mizoram,Hnahthial,41.8955223880597,41.35294117647059,41.36764705882353,40.69117647058823
Mizoram,Khawzawl,21.785185185185185,21.785185185185185,21.785185185185185,21.762962962962963
Mizoram,Kolasib,13.61111111111111,13.615384615384615,13.594017094017094,13.598290598290598
Mizoram,Lawngtlai,13.54978354978355,13.567099567099566,13.567099567099566,13.437229437229437
Mizoram,Lunglei,19.31547619047619,19.357142857142858,19.351190476190474,18.55952380952381
Mizoram,Mamit,19.84567901234568,19.919753086419753,19.969135802469136,19.253086419753085
Mizoram,Saitual,27.316239316239315,27.324786324786324,27.316239316239315,27.247863247863247
Mizoram,Serchhip,19.36904761904762,19.363095238095237,19.363095238095237,19.363095238095237
Mizoram,Siaha,17.92222222222222,17.92222222222222,17.92222222222222,17.905555555555555
Nagaland,Chumoukedima,87.9298245614035,87.9298245614035,87.9298245614035,87.9298245614035
Nagaland,Dimapur,22.0,22.0,22.0,22.0
Nagaland,Kiphire,88.0625,88.0625,88.0625,88.0625
Nagaland,Kohima,97.71264367816092,97.70114942528735,97.70114942528735,97.47126436781609
Nagaland,Longleng,68.77777777777777,68.77777777777777,68.77777777777777,68.73611111111111
Nagaland,Meluri,93.93939393939394,93.93939393939394,93.93939393939394,93.93939393939394
Nagaland,Mokokchung,92.63030303030303,92.63030303030303,92.63030303030303,92.63030303030303
Nagaland,Mon,88.17687074829932,88.17687074829932,88.17687074829932,88.17687074829932
Nagaland,Niuland,68.92753623188406,68.92753623188406,68.92753623188406,68.92753623188406
Nagaland,Noklak,82.17647058823529,82.17647058823529,82.17647058823529,83.82
Nagaland,Peren,80.94047619047619,82.91463414634147,81.90361445783132,80.94047619047619
Nagaland,Phek,106.27083333333333,106.28125,106.26041666666667,106.27083333333333
Nagaland,Shamator,114.4074074074074,114.4074074074074,114.4074074074074,114.4074074074074
Nagaland,Tseminyu,94.58333333333333,94.58333333333333,94.58333333333333,94.58333333333333
Nagaland,Tuensang,87.0,87.0,87.0,86.97435897435898
Nagaland,Wokha,87.49264705882354,87.49264705882354,86.22463768115942,87.49264705882354
Nagaland,Zunheboto,82.42424242424242,82.42424242424242,82.42424242424242,82.42424242424242
Odisha,Angul,7.182515337423313,7.182515337423313,7.182515337423313,7.182515337423313
Odisha,Balangir,8.037825059101655,8.037529550827424,8.037825059101655,8.037529550827424
Odisha,Baleshwar,7.351992409867172,7.352624920936116,7.352624920936116,7.352624920936116
Odisha,Bargarh,10.613168724279836,10.615787504676394,10.61541339319117,10.61541339319117
Odisha,Bhadrak,5.461569095977698,5.461569095977698,5.461569095977698,5.461569095977698
Odisha,Boudh,4.965996168582375,4.966475095785441,4.965996168582375,4.966475095785441
Odisha,Cuttack,10.850877192982455,10.850877192982455,10.850877192982455,10.850877192982455
Odisha,Deogarh,5.2696969696969695,5.2696969696969695,5.2696969696969695,5.2696969696969695
Odisha,Dhenkanal,7.948285553681844,7.948285553681844,7.948285553681844,7.948285553681844
Odisha,Gajapati,2.8286074354127284,2.8286074354127284,2.8286074354127284,2.8286074354127284
Odisha,Ganjam,9.282332687755542,9.281687109963418,9.282547880352915,9.281471917366042
Odisha,Jagatsinghapur,6.267857142857143,6.267857142857143,6.267857142857143,6.267857142857143
Odisha,Jajpur,3.791614777916148,3.7982565379825655,3.7982565379825655,3.7982565379825655
Odisha,Jharsuguda,6.023415977961433,6.023415977961433,6.023415977961433,6.023415977961433
Odisha,Kalahandi,9.825839328537171,9.825839328537171,9.825239808153476,9.824940047961631
Odisha,Kandhamal,5.017064846416382,5.017633674630262,5.017633674630262,5.017633674630262
Odisha,Kendrapara,7.444623655913978,7.444623655913978,7.444623655913978,7.444623655913978
Odisha,Kendujhar,5.787792536369387,5.787792536369387,5.787792536369387,5.787792536369387
Odisha,Khordha,4.134997688395747,4.134535367545077,4.134997688395747,4.134997688395747
Odisha,Koraput,8.09452736318408,8.434494195688226,8.434494195688226,8.434494195688226
Odisha,Malkangiri,8.821073558648111,8.821073558648111,8.821073558648111,8.821073558648111
Odisha,Mayurbhanj,3.6168820807403863,3.617877094972067,3.617459304181296,3.617459304181296
Odisha,Nabarangpur,7.406459475929311,7.406459475929311,7.406459475929311,7.405850091407678
Odisha,Nayagarh,5.70551876379691,5.70551876379691,5.70551876379691,5.70551876379691
Odisha,Nuapada,6.422176308539945,6.422176308539945,6.421487603305785,6.422176308539945
Odisha,Puri,5.1218702865761685,5.573755656108597,5.574358974358974,5.574358974358974
Odisha,Rayagada,3.1213466518682944,3.1213466518682944,3.1213466518682944,3.1213466518682944
Odisha,Sambalpur,7.664504504504505,7.665945945945946,7.665945945945946,7.6652252252252255
Odisha,Sonepur,14.778523489932885,14.777777777777779,14.778523489932885,14.778523489932885
Odisha,Sundargarh,8.687543493389004,8.68893528183716,8.688587334725122,8.68893528183716
Puducherry,Karaikal,19.474747474747474,19.474747474747474,19.474747474747474,19.474747474747474
Puducherry,Puducherry,10.95774647887324,10.532203389830508,10.478114478114477,10.802083333333334
Punjab,Amritsar,0.059027777777777776,4.802083333333333,4.947916666666667,41.154513888888886
Punjab,Barnala,0.0,249.6,249.6,249.6
Punjab,Bathinda,54.43621399176955,85.70781893004116,85.70370370370371,85.66666666666667
Punjab,Faridkot,0.021505376344086023,109.59139784946237,109.58064516129032,109.59139784946237
Punjab,Fatehgarh Sahib,0.027522935779816515,13.593272171253822,13.608562691131498,23.868501529051986
Punjab,Fazilka,0.0,48.775757575757574,48.75757575757576,48.775757575757574
Punjab,Ferozepur,0.0,33.46367521367522,33.46367521367522,33.46367521367522
Punjab,Gurdaspur,0.0,15.333333333333334,15.333333333333334,26.141414141414142
Punjab,Hoshiarpur,0.0,0.0,0.0,40.53846153846154
Punjab,Jalandhar,0.0,7.45771144278607,7.45771144278607,36.81592039800995
Punjab,Kapurthala,0.22962962962962963,16.68148148148148,16.703703703703702,12.77037037037037
Punjab,Ludhiana,0.006289308176100629,37.37106918238994,37.37106918238994,37.36477987421384
Punjab,Malerkotla,0.024390243902439025,45.1219512195122,45.13008130081301,45.13008130081301
Punjab,Mansa,0.0,61.26881720430107,61.26881720430107,61.26881720430107
Punjab,Moga,0.0,48.346666666666664,48.346666666666664,48.346666666666664
Punjab,Pathankot,0.05128205128205128,21.564102564102566,21.53846153846154,21.564102564102566
Punjab,Patiala,0.12280701754385964,45.30701754385965,42.09649122807018,49.86842105263158
Punjab,Rupnagar,0.007168458781362007,2.064516129032258,2.068100358422939,18.555555555555557
Punjab,S.A.S Nagar,0.013888888888888888,12.51388888888889,12.51388888888889,0.0
Punjab,Sangrur,0.17195767195767195,67.98677248677248,67.9920634920635,67.994708994709
Punjab,Shahid Bhagat Singh Nagar,48.6140350877193,48.64035087719298,48.64035087719298,48.64035087719298
Punjab,Sri Muktsar Sahib,0.0,43.791666666666664,44.75,46.833333333333336
Punjab,Tarn Taran,27.084967320261438,27.07843137254902,26.790849673202615,27.058823529411764
Rajasthan,Ajmer,0.0016260162601626016,7.334959349593496,7.334959349593496,7.3341463414634145
Rajasthan,Alwar,0.02326354270521768,5.794616151545364,5.797607178464606,5.753406447324693
Rajasthan,Balotra,0.0,5.10351966873706,5.10351966873706,5.10351966873706
Rajasthan,Banswara,0.006300114547537228,4.798109965635739,4.806128293241695,4.789232531500573
Rajasthan,Baran,0.015353535353535354,5.1878787878787875,5.1866666666666665,5.178989898989899
Rajasthan,Barmer,0.0007861635220125787,2.3455188679245285,2.345125786163522,2.353380503144654
Rajasthan,Beawar,0.0021008403361344537,4.050209205020921,4.050209205020921,4.051675977653631
Rajasthan,Bharatpur,5.809852670349908,5.8126151012891345,5.8126151012891345,5.803867403314917
Rajasthan,Bhilwara,0.0007429420505200594,3.825408618127786,3.825408618127786,3.822436849925706
Rajasthan,Bikaner,0.034703196347031964,8.397260273972602,8.39269406392694,8.397716894977169
Rajasthan,Bundi,0.0,6.530847758544163,6.531291611185087,6.531291611185087
Rajasthan,Chittorgarh,0.0030840400925212026,4.052942688254947,4.053713698278077,4.052171678231817
Rajasthan,Churu,0.0013633265167007499,7.474778459441036,7.476823449216087,7.474778459441036
Rajasthan,Dausa,0.00024102193299590263,6.129669799951795,6.129669799951795,6.129669799951795
Rajasthan,Deeg,7.653095843935539,7.661577608142494,7.668363019508058,7.631891433418151
Rajasthan,Dholpur,4.553819444444445,4.552711496746204,4.550065019505852,4.551649305555555
Rajasthan,Didwana-Kuchaman,0.0,2.387358184764992,2.387358184764992,2.387358184764992
Rajasthan,Dungarpur,0.004622077215878194,4.365144100054377,4.366775421424688,4.3665035345296355
Rajasthan,Ganganagar,0.001162597575153629,4.659973448390309,4.666666666666667,4.667496679946879
Rajasthan,Hanumangarh,0.005952380952380952,6.328214971209213,6.331925513534268,6.3307101727447215
Rajasthan,Jaipur,0.015931372549019607,5.341211484593837,5.355567226890757,5.355042016806722
Rajasthan,Jaisalmer,0.016112789526686808,7.482376636455187,7.483383685800605,7.460221550855992
Rajasthan,Jalore,0.4382808595702149,6.463768115942029,6.47376311844078,6.47376311844078
Rajasthan,Jhalawar,0.000556947925368978,3.6494012809802285,3.6507936507936507,3.642717905875801
Rajasthan,Jhunjhunu,0.0039048633297834577,7.843805466808662,7.843805466808662,7.842740504082357
Rajasthan,Jodhpur,0.0018696581196581197,4.435096153846154,4.4364316239316235,4.432158119658119
Rajasthan,Karauli,0.0,8.375736160188456,8.375736160188456,8.375736160188456
Rajasthan,Khairthal-Tijara,0.004429678848283499,3.6963495575221237,3.6957964601769913,3.7089097952407304
Rajasthan,Kota,0.007190549563430919,4.716486902927581,4.719054956343092,4.708782742681048
Rajasthan,Kotputli-Behror,0.002335084646818447,4.552247518972563,3.9001751313485116,4.538237011091652
Rajasthan,Nagaur,0.0,6.250797993616051,6.25125398996808,6.25125398996808
Rajasthan,Pali,0.0,4.050707547169812,4.051493710691824,4.050314465408805
Rajasthan,Phalodi,0.000572737686139748,3.912943871706758,3.913516609392898,3.90836197021764
Rajasthan,Pratapgarh,0.0004224757076468103,3.7279256442754543,3.7279256442754543,3.7279256442754543
Rajasthan,Rajsamand,0.00909090909090909,9.087445887445888,9.096536796536796,9.06017316017316
Rajasthan,Salumbar,0.0,7.827225130890052,7.827225130890052,7.826352530541012
Rajasthan,Sawai Madhopur,0.00040306328093510683,5.887545344619105,5.887545344619105,5.887545344619105
Rajasthan,Sikar,0.004893964110929853,5.371064060803475,5.3801248981808305,5.277762693456421
Rajasthan,Sirohi,0.022727272727272728,6.2377622377622375,6.247668997668998,6.227855477855478
Rajasthan,Tonk,0.1428030303030303,7.0227272727272725,7.023106060606061,7.022348484848485
Rajasthan,Udaipur,0.0005054334091483447,5.41369724538792,5.419004296183978,5.4197624462977005
Sikkim,Gangtok,33.14545454545455,33.17878787878788,33.21515151515152,32.842424242424244
Sikkim,Gyalshing,36.408854166666664,36.4296875,36.442708333333336,36.203125
Sikkim,Mangan,29.944444444444443,29.962962962962962,29.99074074074074,29.439814814814813
Sikkim,Namchi,37.85424354243543,37.767955801104975,37.79558011049724,37.813653136531364
Sikkim,Pakyong,79.36805555555556,79.5625,79.70138888888889,77.70138888888889
Sikkim,Soreng,40.3758865248227,40.4290780141844,40.53191489361702,38.638297872340424
Tamil Nadu,Ariyalur,16.716814159292035,16.728613569321535,16.734513274336283,16.466076696165192
Tamil Nadu,Chengalpattu,10.646833013435701,10.646833013435701,10.644913627639156,10.646833013435701
Tamil Nadu,Coimbatore,12.629893238434164,12.63226571767497,12.633451957295375,12.591933570581258
Tamil Nadu,Cuddalore,16.806913580246913,16.807407407407407,16.806913580246913,16.805925925925926
Tamil Nadu,Dharmapuri,10.379071379071378,10.379071379071378,10.37976437976438,10.37075537075537
Tamil Nadu,Dindigul,19.085106382978722,19.09692671394799,19.12293144208038,18.97399527186761
Tamil Nadu,Erode,9.236467236467236,9.236467236467236,9.237891737891738,9.222934472934472
Tamil Nadu,Kallakurichi,13.146110056925997,13.14864010120177,13.149272612270714,13.133459835547121
Tamil Nadu,Kancheepuram,9.500754147812971,9.501508295625943,9.501508295625943,9.495475113122172
Tamil Nadu,Kanniyakumari,17.916666666666668,17.920289855072465,17.92391304347826,17.82608695652174
Tamil Nadu,Karur,13.970887918486172,13.970887918486172,13.970887918486172,13.962154294032024
Tamil Nadu,Krishnagiri,10.294083186877563,10.295840656121852,10.295840656121852,10.285295840656122
Tamil Nadu,Madurai,11.995246583481878,11.997029114676174,11.99881164587047,11.97207367795603
Tamil Nadu,Mayiladuthurai,13.203520352035204,13.203520352035204,13.203520352035204,13.2002200220022
Tamil Nadu,Nagapattinam,14.939163498098859,14.936628643852979,14.935361216730039,14.934093789607097
Tamil Nadu,Namakkal,11.828846153846154,11.825641025641026,11.828205128205129,11.813461538461539
Tamil Nadu,Perambalur,15.556169429097606,15.561694290976058,15.561694290976058,15.5451197053407
Tamil Nadu,Pudukkottai,9.745721271393643,9.747351263243683,9.746128769356153,9.732681336593316
Tamil Nadu,Ramanathapuram,17.349726775956285,17.355971896955502,17.35831381733021,17.31225604996097
Tamil Nadu,Ranipet,14.775938189845474,14.778145695364238,14.788079470198676,14.697571743929359
Tamil Nadu,Salem,11.12125748502994,11.122754491017965,11.12375249500998,11.107784431137725
Tamil Nadu,Sivaganga,14.577319587628866,14.582474226804123,14.59163802978236,14.517754868270332
Tamil Nadu,Tenkasi,14.320363164721142,14.337224383916991,14.348897535667964,14.119325551232166
Tamil Nadu,Thanjavur,12.513711857860178,12.514484356894554,12.516415604480494,12.501738122827346
Tamil Nadu,The Nilgiris,13.731182795698924,13.78494623655914,13.78494623655914,13.741935483870968
Tamil Nadu,Theni,22.764705882352942,22.764705882352942,22.774509803921568,22.745098039215687
Tamil Nadu,Thiruvallur,12.79603547209181,12.80281690140845,12.804381846635367,12.763693270735525
Tamil Nadu,Thiruvarur,20.958119658119656,20.958119658119656,20.959829059829058,20.953846153846154
Tamil Nadu,Thoothukkudi,15.16025641025641,15.16025641025641,15.16025641025641,15.157692307692308
Tamil Nadu,Tiruchirappalli,14.284416491963661,14.285115303983229,14.286512928022361,14.268343815513626
Tamil Nadu,Tirunelveli,9.190740740740742,9.190740740740742,9.190740740740742,9.188888888888888
Tamil Nadu,Tirupathur,15.646417445482866,15.64797507788162,15.64797507788162,15.64797507788162
Tamil Nadu,Tiruppur,13.549668874172186,13.527856468366384,13.544423440453686,13.516068052930057
Tamil Nadu,Tiruvannamalai,12.435333896872358,12.443505212735982,12.451676528599606,12.361510284587208
Tamil Nadu,Vellore,12.507418397626113,12.509396636993076,12.509396636993076,12.501483679525222
Tamil Nadu,Viluppuram,11.578451882845188,11.577405857740585,11.579846582984658,11.562412831241284
Tamil Nadu,Virudhunagar,13.041666666666666,13.045045045045045,13.050112612612613,12.994932432432432
Telangana,Adilabad,74.64,74.64,74.62666666666667,74.62666666666667
Telangana,Bhadradri Kothagudem,146.27777777777777,146.30555555555554,146.30555555555554,145.97222222222223
Telangana,Hanumakonda,105.78787878787878,105.75757575757575,105.75757575757575,105.72727272727273
Telangana,Jagitial,106.41666666666667,106.41666666666667,106.41666666666667,106.41666666666667
Telangana,Jangoan,197.16666666666666,197.125,197.16666666666666,197.16666666666666
Telangana,Jayashankar Bhupalapally,63.833333333333336,63.81481481481482,63.833333333333336,63.75925925925926
Telangana,Jogulamba Gadwal,112.25925925925925,112.29629629629629,112.29629629629629,112.16666666666667
Telangana,Kamareddy,78.41025641025641,78.43589743589743,78.43589743589743,78.25641025641026
Telangana,Karimnagar,102.73684210526316,102.73684210526316,102.73684210526316,102.73684210526316
Telangana,Khammam,133.49122807017545,133.49122807017545,133.49122807017545,133.49122807017545
Telangana,Kumuram Bheem Asifabad,38.46099290780142,38.46099290780142,38.46099290780142,38.46099290780142
Telangana,Mahabubabad,69.94736842105263,69.94736842105263,69.94736842105263,69.94736842105263
Telangana,Mahabubnagar,715.3333333333334,715.6666666666666,715.6666666666666,715.3333333333334
Telangana,Mancherial,65.17460317460318,65.17460317460318,65.17460317460318,65.17460317460318
Telangana,Medak,65.8,65.8,65.8,65.8
Telangana,Medchal Malkajgiri,65.14285714285714,65.14285714285714,65.14285714285714,65.14285714285714
Telangana,Mulugu,13.096491228070175,13.105263157894736,13.105263157894736,13.096491228070175
Telangana,Nagarkurnool,62.666666666666664,62.666666666666664,62.666666666666664,62.625
Telangana,Nalgonda,66.08888888888889,66.08888888888889,66.08888888888889,66.08888888888889
Telangana,Narayanpet,120.14285714285714,120.15873015873017,120.12698412698413,120.15873015873017
Telangana,Nirmal,49.35897435897436,49.30769230769231,49.35897435897436,82.12820512820512
Telangana,Nizamabad,101.0952380952381,101.23809523809524,101.28571428571429,100.9047619047619
Telangana,Peddapalli,194.61904761904762,194.61904761904762,194.61904761904762,194.61904761904762
Telangana,Rajanna Sircilla,92.79166666666667,92.79166666666667,92.79166666666667,92.79166666666667
Telangana,Ranga Reddy,178.42857142857142,178.42857142857142,178.42857142857142,178.33333333333334
Telangana,Sangareddy,89.05555555555556,89.05555555555556,89.05555555555556,89.05555555555556
Telangana,Siddipet,89.9,89.9,89.9,89.81666666666666
Telangana,Suryapet,29.679012345679013,29.679012345679013,29.679012345679013,29.679012345679013
Telangana,Vikarabad,69.7719298245614,69.7719298245614,69.7719298245614,69.7719298245614
Telangana,Wanaparthy,99.52941176470588,99.52941176470588,99.52941176470588,99.50980392156863
Telangana,Warangal,143.75757575757575,143.72727272727272,143.72727272727272,143.4848484848485
Telangana,Yadadri Bhuvanagiri,68.6376811594203,68.6231884057971,68.6376811594203,68.6376811594203
Tripura,Dhalai,14.506872852233677,14.553264604810996,14.561855670103093,14.036082474226804
Tripura,Gomati,17.066022544283413,17.06924315619968,17.07246376811594,16.988727858293075
Tripura,Khowai,13.790322580645162,13.790322580645162,13.790322580645162,13.776881720430108
Tripura,North Tripura,22.214492753623187,22.234782608695653,22.24927536231884,22.08695652173913
Tripura,Sepahijala,14.07882882882883,14.083333333333334,14.08108108108108,14.045045045045045
Tripura,South Tripura,9.047034764826176,9.047034764826176,9.047034764826176,9.030674846625766
Tripura,Unakoti,9.647887323943662,9.63849765258216,9.647887323943662,9.60093896713615
Tripura,West Tripura,17.530413625304135,17.54257907542579,17.549878345498783,17.496350364963504
Uttar Pradesh,Agra,33.334722222222226,33.333333333333336,33.334722222222226,33.331944444444446
Uttar Pradesh,Aligarh,33.333333333333336,33.333333333333336,33.333333333333336,33.333333333333336
Uttar Pradesh,Ambedkar Nagar,32.87899543378995,32.87214611872146,32.87671232876713,32.657534246575345
Uttar Pradesh,Amethi,33.31570512820513,33.31410256410256,33.31410256410256,32.895833333333336
Uttar Pradesh,Amroha,33.333333333333336,33.303703703703704,33.32962962962963,33.29259259259259
Uttar Pradesh,Auraiya,33.333333333333336,33.330357142857146,33.32738095238095,33.32142857142857
Uttar Pradesh,Ayodhya,33.333333333333336,33.308712121212125,33.333333333333336,33.28977272727273
Uttar Pradesh,Azamgarh,33.33238636363637,33.33049242424242,33.33238636363637,33.072916666666664
Uttar Pradesh,Baghpat,33.370370370370374,33.370370370370374,33.370370370370374,33.36666666666667
Uttar Pradesh,Bahraich,33.333333333333336,33.333333333333336,33.333333333333336,33.33184523809524
Uttar Pradesh,Ballia,33.33210784313726,33.32843137254902,33.33210784313726,33.22794117647059
Uttar Pradesh,Balrampur,32.63926940639269,32.63470319634703,32.63926940639269,32.49315068493151
Uttar Pradesh,Banda,31.83582089552239,31.83830845771144,31.83830845771144,31.818407960199004
Uttar Pradesh,Bara Banki,33.19502074688797,33.19363762102351,33.19502074688797,33.18257261410788
Uttar Pradesh,Bareilly,33.30694444444445,33.333333333333336,33.31666666666667,33.26111111111111
Uttar Pradesh,Basti,33.186011904761905,33.18452380952381,33.183035714285715,33.18452380952381
Uttar Pradesh,Bhadohi,33.333333333333336,33.333333333333336,33.333333333333336,33.333333333333336
Uttar Pradesh,Bijnor,33.333333333333336,33.32954545454545,33.32954545454545,33.30113636363637
Uttar Pradesh,Budaun,32.65986394557823,32.65986394557823,32.65986394557823,32.65850340136054
Uttar Pradesh,Bulandshahr,33.076227390180875,33.076227390180875,33.076227390180875,33.076227390180875
Uttar Pradesh,Chandauli,33.333333333333336,33.333333333333336,33.333333333333336,33.317129629629626
Uttar Pradesh,Chitrakoot,33.333333333333336,33.324444444444445,33.333333333333336,33.30222222222222
Uttar Pradesh,Deoria,33.20103761348898,33.20103761348898,33.20103761348898,33.168612191958495
Uttar Pradesh,Etah,33.333333333333336,33.333333333333336,33.333333333333336,33.325520833333336
Uttar Pradesh,Etawah,33.333333333333336,33.333333333333336,33.328125,33.2734375
Uttar Pradesh,Farrukhabad,33.06603773584906,33.056603773584904,33.06603773584906,32.9496855345912
Uttar Pradesh,Fatehpur,33.333333333333336,33.333333333333336,33.333333333333336,33.333333333333336
Uttar Pradesh,Firozabad,33.300925925925924,33.30555555555556,33.31481481481482,33.26851851851852
Uttar Pradesh,Gautam Buddha Nagar,31.89855072463768,31.89855072463768,31.905797101449274,31.89855072463768
Uttar Pradesh,Ghaziabad,32.78688524590164,32.79234972677595,32.79234972677595,32.79234972677595
Uttar Pradesh,Ghazipur,33.333333333333336,33.333333333333336,33.33203125,33.302083333333336
Uttar Pradesh,Gonda,33.334635416666664,33.334635416666664,33.334635416666664,33.330729166666664
Uttar Pradesh,Gorakhpur,33.02373581011352,33.01857585139319,33.02270381836945,32.99277605779154
Uttar Pradesh,Hamirpur,33.33015873015873,33.33015873015873,33.333333333333336,33.304761904761904
Uttar Pradesh,Hapur,33.35,33.355555555555554,33.355555555555554,33.35
Uttar Pradesh,Hardoi,32.79395900755124,32.79395900755124,32.79395900755124,32.79395900755124
Uttar Pradesh,Hathras,33.333333333333336,33.330357142857146,33.330357142857146,33.23809523809524
Uttar Pradesh,Jalaun,33.10114942528735,33.10114942528735,33.09885057471264,33.09425287356322
Uttar Pradesh,Jaunpur,33.33134920634921,33.33134920634921,33.33234126984127,33.24007936507937
Uttar Pradesh,Jhansi,33.049586776859506,33.049586776859506,33.05509641873278,33.044077134986225
Uttar Pradesh,Kannauj,33.333333333333336,33.333333333333336,33.333333333333336,33.315104166666664
Uttar Pradesh,Kanpur Dehat,33.333333333333336,33.333333333333336,33.333333333333336,33.33125
Uttar Pradesh,Kanpur Nagar,33.33125,33.329166666666666,33.333333333333336,33.291666666666664
Uttar Pradesh,Kasganj,33.0251572327044,33.022012578616355,33.028301886792455,32.672955974842765
Uttar Pradesh,Kaushambi,33.07493540051679,33.07751937984496,33.07751937984496,33.07493540051679
Uttar Pradesh,Kheri,33.333333333333336,33.331944444444446,33.333333333333336,33.326388888888886
Uttar Pradesh,Kushinagar,33.333333333333336,33.330357142857146,33.33184523809524,33.299107142857146
Uttar Pradesh,Lalitpur,33.333333333333336,33.333333333333336,33.333333333333336,33.32962962962963
Uttar Pradesh,Lucknow,32.823076923076925,32.823076923076925,32.823076923076925,32.823076923076925
Uttar Pradesh,Mahoba,33.333333333333336,33.333333333333336,33.333333333333336,33.333333333333336
Uttar Pradesh,Mahrajganj,33.333333333333336,33.32118055555556,33.333333333333336,33.27777777777778
Uttar Pradesh,Mainpuri,33.333333333333336,33.3287037037037,33.3287037037037,33.2337962962963
Uttar Pradesh,Mathura,33.32083333333333,33.31875,33.32083333333333,33.275
Uttar Pradesh,Mau,33.3287037037037,33.333333333333336,33.333333333333336,33.15277777777778
Uttar Pradesh,Meerut,33.34375,33.342013888888886,33.34375,33.34375
Uttar Pradesh,Mirzapur,33.333333333333336,33.33159722222222,33.333333333333336,33.310763888888886
Uttar Pradesh,Moradabad,33.325520833333336,33.325520833333336,33.322916666666664,33.208333333333336
Uttar Pradesh,Muzaffarnagar,32.527027027027025,32.52477477477478,32.52477477477478,32.403153153153156
Uttar Pradesh,Pilibhit,33.022012578616355,33.022012578616355,33.022012578616355,33.0188679245283
Uttar Pradesh,Pratapgarh,33.333333333333336,33.333333333333336,33.333333333333336,33.317401960784316
Uttar Pradesh,Prayagraj,33.24390243902439,33.24390243902439,33.24390243902439,33.21409214092141
Uttar Pradesh,Rae Bareli,33.333333333333336,33.333333333333336,33.333333333333336,33.30324074074074
Uttar Pradesh,Rampur,31.28125,31.28125,31.28125,31.27777777777778
Uttar Pradesh,Saharanpur,33.33143939393939,33.333333333333336,33.333333333333336,33.22727272727273
Uttar Pradesh,Sambhal,33.33074935400517,33.33074935400517,33.33074935400517,33.281653746770026
Uttar Pradesh,Sant Kabir Nagar,33.333333333333336,33.333333333333336,33.333333333333336,33.33101851851852
Uttar Pradesh,Shahjahanpur,33.333333333333336,33.331944444444446,33.333333333333336,33.294444444444444
Uttar Pradesh,Shamli,33.333333333333336,33.333333333333336,33.333333333333336,33.31111111111111
Uttar Pradesh,Shrawasti,33.32888888888889,33.333333333333336,33.333333333333336,33.333333333333336
Uttar Pradesh,Siddharthnagar,33.333333333333336,33.330357142857146,33.33184523809524,33.333333333333336
Uttar Pradesh,Sitapur,33.223684210526315,33.22478070175438,33.22478070175438,33.21162280701754
Uttar Pradesh,Sonbhadra,29.593001841620627,29.587476979742174,29.589318600368323,29.58379373848987
Uttar Pradesh,Sultanpur,33.471471471471475,33.466966966966964,33.46096096096096,33.26426426426426
Uttar Pradesh,Unnao,33.333333333333336,33.333333333333336,33.333333333333336,33.330729166666664
Uttar Pradesh,Varanasi,33.333333333333336,33.333333333333336,33.333333333333336,33.3046875
Uttarakhand,Almora,9.257907542579076,13.757907542579076,13.749391727493917,13.74087591240876
Uttarakhand,Bageshwar,13.2,29.71578947368421,29.72280701754386,29.70877192982456
Uttarakhand,Chamoli,7.9392523364485985,13.093457943925234,13.093457943925234,13.051401869158878
Uttarakhand,Champawat,13.207920792079207,17.818481848184817,17.818481848184817,17.775577557755774
Uttarakhand,Dehradun,20.87816091954023,40.91954022988506,40.92413793103448,40.760919540229885
Uttarakhand,Haridwar,11.482905982905983,33.73290598290598,33.76282051282051,33.74786324786325
Uttarakhand,Nainital,6.887640449438202,18.837078651685392,18.844569288389515,18.61423220973783
Uttarakhand,Pauri Garhwal,7.0826271186440675,10.278954802259888,10.280367231638419,10.257062146892656
Uttarakhand,Pithoragarh,11.33495145631068,16.898058252427184,16.899676375404532,16.899676375404532
Uttarakhand,Rudraprayag,9.866666666666667,19.642105263157895,19.642105263157895,19.642105263157895
Uttarakhand,Tehri Garhwal,0.003418803418803419,19.244444444444444,19.244444444444444,19.244444444444444
Uttarakhand,Udham Singh Nagar,10.486394557823129,36.94387755102041,36.954081632653065,36.833333333333336
Uttarakhand,Uttarkashi,11.893842887473461,29.0552016985138,29.076433121019107,28.95116772823779
West Bengal,Alipurduar,16.224279835390945,16.226337448559672,16.228395061728396,16.18621399176955
West Bengal,Bankura,4.681690445309123,4.682447038478167,4.682879377431907,4.671314310419369
West Bengal,Birbhum,5.373682155408043,5.374332942860861,5.374463100351425,5.372510737992972
West Bengal,Cooch Behar,7.658914728682171,7.659449345094894,7.660251269713981,7.644212777332264
West Bengal,Dakshin Dinajpur,3.1799628942486087,3.1801690373118943,3.1801690373118943,3.177901463615749
West Bengal,Darjeeling,13.737799834574028,13.740281224152191,13.740281224152191,13.68899917287014
West Bengal,Hooghly,6.147478474784748,6.14760147601476,6.147847478474785,6.14440344403444
West Bengal,Howrah,9.11812865497076,9.119590643274854,9.119005847953217,9.110818713450293
West Bengal,Jalpaiguri,16.375549692172385,16.375549692172385,16.37467018469657,16.375549692172385
West Bengal,Jhargram,2.2732362821948486,2.2733607067313675,2.2732362821948486,2.2721164613661813
West Bengal,Kalimpong,23.466666666666665,23.474074074074075,23.474074074074075,23.37037037037037
West Bengal,Malda,6.517284726587052,6.515399120050283,6.518332285774147,6.482505761575529
West Bengal,Murshidabad,6.675485599464166,6.676378655949989,6.676713552132172,6.6637642330877425
West Bengal,Nadia,8.346465816917728,8.348976438779452,8.348976438779452,8.339706450366936
West Bengal,North 24 Parganas,6.496267585414873,6.497559575078955,6.497416020671834,6.483060579959805
West Bengal,Paschim Bardhaman,9.047619047619047,9.048185941043084,9.048185941043084,9.045351473922903
West Bengal,Paschim Medinipur,2.9486108474147206,2.9503828871590407,2.9528510853743435,2.9382950446174294
West Bengal,Purba Bardhaman,4.954205607476635,4.954309449636552,4.954309449636552,4.95202492211838
West Bengal,Purba Medinipur,4.5960834947277815,4.5964062836238435,4.596621476221218,4.591779642780288
West Bengal,Purulia,4.043801556872313,4.045311955385151,4.046473800395027,4.023236900197514
West Bengal,South 24 Parganas,8.339557739557739,8.342014742014742,8.342014742014742,8.31941031941032
West Bengal,Uttar Dinajpur,5.063698630136987,5.066666666666666,5.068949771689498,5.054566210045662
