longitude,latitude,avg_rainfall_mm,soil_ph
77.32248808058782,8.152211203384658,2698.1784008591435,5.6
76.82841467432208,8.646284609650394,4377.944945524394,5.7
77.32248808058782,8.646284609650394,3421.8228189296788,5.4
77.81656148685354,8.646284609650394,2096.4514076793885,7.2
76.82841467432208,9.140358015916132,5433.940538597666,5.4
77.32248808058782,9.140358015916132,3436.7870357356032,5.4
77.81656148685354,9.140358015916132,2070.078374567465,7.5
78.31063489311929,9.140358015916132,1543.2553216787153,7.2
76.33434126805633,9.634431422181867,7153.444545973837,5.7
76.82841467432208,9.634431422181867,5292.179458174575,5.1
77.32248808058782,9.634431422181867,3848.868977207504,5.4
77.81656148685354,9.634431422181867,2932.456607274129,6.9
78.31063489311929,9.634431422181867,2051.242356459779,7.4
78.80470829938503,9.634431422181867,1976.0191660825024,7.0
76.33434126805633,10.128504828447605,6965.711800736748,5.4
76.82841467432208,10.128504828447605,4645.975386341289,5.1
77.32248808058782,10.128504828447605,3395.496727923304,5.3
77.81656148685354,10.128504828447605,3142.420901549398,6.5
78.31063489311929,10.128504828447605,3045.7771425772166,6.4
78.80470829938503,10.128504828447605,2506.580117672352,6.5
76.33434126805633,10.622578234713341,6187.9465594884,5.6
76.82841467432208,10.622578234713341,2713.1982849847527,6.4
77.32248808058782,10.622578234713341,2018.377183542354,6.9
77.81656148685354,10.622578234713341,2172.198964705778,7.6
78.31063489311929,10.622578234713341,2430.2615845246573,7.3
78.80470829938503,10.622578234713341,2500.0072689583303,6.8
79.29878170565075,10.622578234713341,2765.12219526294,6.3
79.7928551119165,10.622578234713341,2997.595362090005,6.2
75.84026786179061,11.116651640979079,6514.2263628298415,5.4
76.33434126805633,11.116651640979079,5906.765505192336,5.2
76.82841467432208,11.116651640979079,1720.4726058673757,6.7
77.32248808058782,11.116651640979079,1485.450493246224,7.6
77.81656148685354,11.116651640979079,1709.1769822911465,7.1
78.31063489311929,11.116651640979079,1944.0371571820283,6.6
78.80470829938503,11.116651640979079,2362.1891573387,6.7
79.29878170565075,11.116651640979079,2698.0334038792107,6.3
79.7928551119165,11.116651640979079,2924.1190498467845,6.3
75.84026786179061,11.610725047244815,6575.79671658026,5.3
76.33434126805633,11.610725047244815,4178.5882477551695,5.2
76.82841467432208,11.610725047244815,2342.285591457168,6.0
77.32248808058782,11.610725047244815,2586.4996808406268,6.8
77.81656148685354,11.610725047244815,2497.0959906063567,7.2
78.31063489311929,11.610725047244815,2611.154805661431,6.4
78.80470829938503,11.610725047244815,2535.019159769394,6.9
79.29878170565075,11.610725047244815,2829.621584543956,6.4
92.63876367482565,11.610725047244815,7668.350156646991,5.5
75.34619445552487,12.104798453510552,7812.268505913159,5.4
75.84026786179061,12.104798453510552,6212.592161630231,5.2
76.33434126805633,12.104798453510552,3320.3401973661503,6.5
76.82841467432208,12.104798453510552,2036.431587968408,7.1
77.32248808058782,12.104798453510552,2297.107337828403,6.2
77.81656148685354,12.104798453510552,2481.648671440485,6.3
78.31063489311929,12.104798453510552,2265.424113893509,6.6
78.80470829938503,12.104798453510552,2806.923443890853,6.2
79.29878170565075,12.104798453510552,2713.100191804084,6.6
79.7928551119165,12.104798453510552,2642.670418200757,6.3
92.63876367482565,12.104798453510552,8881.059367250518,5.6
75.34619445552487,12.598871859776288,7875.807136831531,5.2
75.84026786179061,12.598871859776288,5472.031762329234,5.5
76.33434126805633,12.598871859776288,2655.756459001408,6.5
76.82841467432208,12.598871859776288,1970.8136009980576,6.3
77.32248808058782,12.598871859776288,2222.756198639795,6.3
77.81656148685354,12.598871859776288,2426.1081722273275,6.4
78.31063489311929,12.598871859776288,2263.6530851623047,6.7
78.80470829938503,12.598871859776288,2776.670878569089,6.2
79.29878170565075,12.598871859776288,2459.694658996152,6.6
79.7928551119165,12.598871859776288,2700.564442789394,6.2
74.85212104925913,13.092945266042026,8219.219180288968,5.5
75.34619445552487,13.092945266042026,7483.253912898945,5.3
75.84026786179061,13.092945266042026,3984.124645931582,5.8
76.33434126805633,13.092945266042026,2128.9845960994367,6.5
76.82841467432208,13.092945266042026,1981.6832906160053,6.5
77.32248808058782,13.092945266042026,2067.5163503570225,6.4
77.81656148685354,13.092945266042026,2139.36330701853,6.6
78.31063489311929,13.092945266042026,2218.415403001893,6.7
78.80470829938503,13.092945266042026,2414.0103222054763,6.6
79.29878170565075,13.092945266042026,2282.9882561167183,6.6
79.7928551119165,13.092945266042026,2537.7634605855837,6.4
80.28692851818224,13.092945266042026,2987.197016924382,6.2
74.85212104925913,13.587018672307762,7829.921836593445,5.6
75.34619445552487,13.587018672307762,6169.359826695792,5.4
75.84026786179061,13.587018672307762,2877.896809776631,6.4
76.33434126805633,13.587018672307762,1628.2878925697064,6.9
76.82841467432208,13.587018672307762,1865.311336122969,7.1
77.32248808058782,13.587018672307762,1756.448546174282,6.8
77.81656148685354,13.587018672307762,1745.7789574872884,6.6
78.31063489311929,13.587018672307762,1710.3233418469413,6.7
78.80470829938503,13.587018672307762,2269.2751925815846,6.7
79.29878170565075,13.587018672307762,2218.2802640749587,6.5
79.7928551119165,13.587018672307762,2226.513694318176,6.4
74.85212104925913,14.0810920785735,4805.840647606118,5.4
75.34619445552487,14.0810920785735,2548.817018555908,6.1
75.84026786179061,14.0810920785735,1699.2379279112356,6.5
76.33434126805633,14.0810920785735,1346.933513610241,7.1
76.82841467432208,14.0810920785735,965.5293803219062,7.2
77.32248808058782,14.0810920785735,1047.0506397696297,6.9
77.81656148685354,14.0810920785735,1179.095192743238,7.0
78.31063489311929,14.0810920785735,1332.092204016728,6.7
78.80470829938503,14.0810920785735,1870.279810197228,6.8
79.29878170565075,14.0810920785735,1953.9858540902007,6.6
79.7928551119165,14.0810920785735,2094.4844335293305,6.8
74.35804764299338,14.575165484839236,6997.589153157564,5.4
74.85212104925913,14.575165484839236,3503.9959094614437,5.5
75.34619445552487,14.575165484839236,1857.161325699988,6.9
75.84026786179061,14.575165484839236,1371.8902398566047,6.9
76.33434126805633,14.575165484839236,999.03913909861,7.1
76.82841467432208,14.575165484839236,934.27546702661,7.3
77.32248808058782,14.575165484839236,1115.2807399319686,7.5
77.81656148685354,14.575165484839236,1152.526204076771,7.3
78.31063489311929,14.575165484839236,1149.4198399348977,7.3
78.80470829938503,14.575165484839236,1890.5308640701007,6.9
79.29878170565075,14.575165484839236,1839.7298402440977,7.0
79.7928551119165,14.575165484839236,2038.838516343104,6.7
74.35804764299338,15.069238891104973,6381.922368754887,5.3
74.85212104925913,15.069238891104973,2555.542038866281,5.7
75.34619445552487,15.069238891104973,1594.0875885342932,7.4
75.84026786179061,15.069238891104973,1306.4407830353389,7.2
76.33434126805633,15.069238891104973,1014.7745842141888,6.9
76.82841467432208,15.069238891104973,1084.7580446560737,7.6
77.32248808058782,15.069238891104973,1139.9039036075003,7.8
77.81656148685354,15.069238891104973,1269.5051193496467,7.3
78.31063489311929,15.069238891104973,1312.4983299127605,7.3
78.80470829938503,15.069238891104973,1831.76506549262,6.7
79.29878170565075,15.069238891104973,1737.91869655497,7.0
79.7928551119165,15.069238891104973,1871.1066905751504,6.8
73.86397423672766,15.56331229737071,6248.370477922619,5.8
74.35804764299338,15.56331229737071,5543.558391347755,5.3
74.85212104925913,15.56331229737071,1733.9733829414909,6.3
75.34619445552487,15.56331229737071,1362.0676690254663,7.9
75.84026786179061,15.56331229737071,1272.1137946957535,8.0
76.33434126805633,15.56331229737071,991.5512878944834,7.1
76.82841467432208,15.56331229737071,1194.5963181853167,7.3
77.32248808058782,15.56331229737071,1328.6669403065353,7.5
77.81656148685354,15.56331229737071,1498.431546385232,7.3
78.31063489311929,15.56331229737071,1499.922093627266,7.1
78.80470829938503,15.56331229737071,1929.2377727801331,6.4
79.29878170565075,15.56331229737071,1722.1645575860778,7.1
79.7928551119165,15.56331229737071,1804.5003818145203,7.1
73.86397423672766,16.057385703636445,5540.903192627795,5.9
74.35804764299338,16.057385703636445,3309.2367712456667,6.1
74.85212104925913,16.057385703636445,1279.9787212761937,7.2
75.34619445552487,16.057385703636445,1014.570774825653,7.6
75.84026786179061,16.057385703636445,1057.4942028921105,7.5
76.33434126805633,16.057385703636445,1037.5178415017133,7.5
76.82841467432208,16.057385703636445,1528.267931446937,7.3
77.32248808058782,16.057385703636445,1739.6103580265644,7.3
77.81656148685354,16.057385703636445,1777.3316102176857,7.0
78.31063489311929,16.057385703636445,1792.642854161851,6.9
78.80470829938503,16.057385703636445,2037.507878156948,6.4
79.29878170565075,16.057385703636445,1837.9252398157587,7.1
79.7928551119165,16.057385703636445,1899.5868227491792,6.8
80.28692851818224,16.057385703636445,2079.603647133664,6.7
80.78100192444796,16.057385703636445,2249.0893043914352,6.2
73.86397423672766,16.551459109902183,4837.611337085753,5.9
74.35804764299338,16.551459109902183,2559.3059145408142,7.0
74.85212104925913,16.551459109902183,1249.9564105253553,7.4
75.34619445552487,16.551459109902183,1103.5513540791494,7.5
75.84026786179061,16.551459109902183,1187.648559928842,7.8
76.33434126805633,16.551459109902183,1147.7106132548274,7.8
76.82841467432208,16.551459109902183,1608.5347674181132,7.3
77.32248808058782,16.551459109902183,1838.394759498732,7.3
77.81656148685354,16.551459109902183,1964.531336599172,6.9
78.31063489311929,16.551459109902183,1918.3710329198532,7.0
78.80470829938503,16.551459109902183,1869.2069531118564,6.8
79.29878170565075,16.551459109902183,1687.0339084439547,6.8
79.7928551119165,16.551459109902183,1862.292378130856,6.8
80.28692851818224,16.551459109902183,2161.4087368984647,6.7
80.78100192444796,16.551459109902183,2331.3408116461437,6.2
81.2750753307137,16.551459109902183,2622.356906252329,6.1
81.76914873697945,16.551459109902183,2597.979165666209,6.2
82.26322214324517,16.551459109902183,2388.0422741020907,6.2
73.36990083046192,17.04553251616792,6035.575980005209,6.0
73.86397423672766,17.04553251616792,4366.2733128949885,5.9
74.35804764299338,17.04553251616792,2407.1398426019737,7.3
74.85212104925913,17.04553251616792,1272.600865341651,7.6
75.34619445552487,17.04553251616792,1303.9342413887264,7.7
75.84026786179061,17.04553251616792,1435.4536609120305,7.9
76.33434126805633,17.04553251616792,1398.891605416705,7.7
76.82841467432208,17.04553251616792,1762.3906412583972,7.8
77.32248808058782,17.04553251616792,1971.4504502820903,7.8
77.81656148685354,17.04553251616792,2056.638721399847,6.8
78.31063489311929,17.04553251616792,1955.0734369628412,6.9
78.80470829938503,17.04553251616792,1847.8471572374024,6.8
79.29878170565075,17.04553251616792,1832.6907888282992,6.8
79.7928551119165,17.04553251616792,2054.5926028916483,6.5
80.28692851818224,17.04553251616792,2279.842734528696,6.5
80.78100192444796,17.04553251616792,2448.805813908902,6.2
81.2750753307137,17.04553251616792,2681.0703439521385,6.1
81.76914873697945,17.04553251616792,2610.8666674320107,6.4
82.26322214324517,17.04553251616792,2429.482399533521,6.4
73.36990083046192,17.53960592243366,5764.0755418882445,6.2
73.86397423672766,17.53960592243366,3890.686079472368,5.9
74.35804764299338,17.53960592243366,2207.045621021846,7.6
74.85212104925913,17.53960592243366,1227.431071478897,7.8
75.34619445552487,17.53960592243366,1196.2249987196633,7.7
75.84026786179061,17.53960592243366,1432.1868285767246,7.7
76.33434126805633,17.53960592243366,1522.9882643973726,7.9
76.82841467432208,17.53960592243366,1852.611251824848,7.8
77.32248808058782,17.53960592243366,1972.7819241323944,7.7
77.81656148685354,17.53960592243366,2063.894515072935,7.5
78.31063489311929,17.53960592243366,1908.895289092666,7.0
78.80470829938503,17.53960592243366,2008.113593091819,6.7
79.29878170565075,17.53960592243366,2023.9334627267217,6.9
79.7928551119165,17.53960592243366,2210.336365588545,6.5
80.28692851818224,17.53960592243366,2414.503458231648,6.4
80.78100192444796,17.53960592243366,2645.606598442134,6.4
81.2750753307137,17.53960592243366,3148.692398742968,6.1
81.76914873697945,17.53960592243366,3035.8622443527797,5.7
82.26322214324517,17.53960592243366,2927.586102880037,6.0
82.75729554951091,17.53960592243366,2655.208869108813,6.5
73.36990083046192,18.033679328699392,4067.255728407532,6.2
73.86397423672766,18.033679328699392,2569.24857625124,6.1
74.35804764299338,18.033679328699392,1589.2811803759607,7.6
74.85212104925913,18.033679328699392,1287.6915405929833,7.7
75.34619445552487,18.033679328699392,1273.5456810398002,7.6
75.84026786179061,18.033679328699392,1480.5093388597438,7.8
76.33434126805633,18.033679328699392,1661.3661401971765,7.8
76.82841467432208,18.033679328699392,2006.1751565883917,7.7
77.32248808058782,18.033679328699392,2075.456617948982,7.7
77.81656148685354,18.033679328699392,2079.2093447043644,7.6
78.31063489311929,18.033679328699392,2281.8265551942723,6.9
78.80470829938503,18.033679328699392,2105.287576092399,6.9
79.29878170565075,18.033679328699392,2161.920320549886,6.9
79.7928551119165,18.033679328699392,2399.8440358617195,6.5
80.28692851818224,18.033679328699392,2773.9550466445776,6.3
80.78100192444796,18.033679328699392,2999.1352465263126,6.2
81.2750753307137,18.033679328699392,3259.9765439676376,6.0
81.76914873697945,18.033679328699392,3242.1399313691013,5.7
82.26322214324517,18.033679328699392,3350.5127350384546,5.8
82.75729554951091,18.033679328699392,3418.0726551320527,6.1
83.25136895577666,18.033679328699392,2897.7057842288987,6.5
73.36990083046192,18.52775273496513,3872.370131391456,6.2
73.86397423672766,18.52775273496513,2178.594300655103,6.8
74.35804764299338,18.52775273496513,1542.5864274557282,7.7
74.85212104925913,18.52775273496513,1100.3596102054742,7.8
75.34619445552487,18.52775273496513,1280.702931375459,7.8
75.84026786179061,18.52775273496513,1576.445478699887,7.8
76.33434126805633,18.52775273496513,1768.2090740248077,7.7
76.82841467432208,18.52775273496513,2044.2955075317,7.7
77.32248808058782,18.52775273496513,2068.969106289161,7.6
77.81656148685354,18.52775273496513,2194.199262688477,7.3
78.31063489311929,18.52775273496513,2296.7588446034656,6.8
78.80470829938503,18.52775273496513,2225.9577466630208,6.9
79.29878170565075,18.52775273496513,2333.587646927483,6.7
79.7928551119165,18.52775273496513,2521.661326940767,6.4
80.28692851818224,18.52775273496513,2799.5033421670914,6.4
80.78100192444796,18.52775273496513,3075.354753106216,6.0
81.2750753307137,18.52775273496513,3341.537978877724,5.8
81.76914873697945,18.52775273496513,3277.280038994115,6.0
82.26322214324517,18.52775273496513,3351.519350158247,6.0
82.75729554951091,18.52775273496513,3552.5777178514254,6.0
83.25136895577666,18.52775273496513,3241.553650318966,6.5
83.7454423620424,18.52775273496513,3026.6331817518703,6.5
84.23951576830812,18.52775273496513,2725.8359168970915,6.3
72.87582742419617,19.021826141230868,5728.3312663638135,6.1
73.36990083046192,19.021826141230868,4364.1430041025,6.4
73.86397423672766,19.021826141230868,2611.2196787273124,6.8
74.35804764299338,19.021826141230868,1655.4901159703463,7.7
74.85212104925913,19.021826141230868,1243.2426580282304,7.9
75.34619445552487,19.021826141230868,1445.8442477884155,7.7
75.84026786179061,19.021826141230868,1689.6511633229106,7.6
76.33434126805633,19.021826141230868,1878.0083976043345,7.7
76.82841467432208,19.021826141230868,2092.3896985556994,7.8
77.32248808058782,19.021826141230868,2136.126941491954,7.6
77.81656148685354,19.021826141230868,2259.207927711468,7.7
78.31063489311929,19.021826141230868,2316.70524012849,6.8
78.80470829938503,19.021826141230868,2503.718469694008,6.7
79.29878170565075,19.021826141230868,2569.0114752786358,6.7
79.7928551119165,19.021826141230868,2730.904979647988,6.5
80.28692851818224,19.021826141230868,3088.464099326153,5.8
80.78100192444796,19.021826141230868,3140.492399101986,5.9
81.2750753307137,19.021826141230868,3214.6364909480126,5.9
81.76914873697945,19.021826141230868,3224.88663143471,6.1
82.26322214324517,19.021826141230868,3218.3238379495288,5.9
82.75729554951091,19.021826141230868,3494.920443821012,5.9
83.25136895577666,19.021826141230868,3495.837304301624,6.1
83.7454423620424,19.021826141230868,3339.773769194429,6.1
84.23951576830812,19.021826141230868,3051.160234763593,5.9
72.87582742419617,19.515899547496605,5189.069885407412,6.4
73.36990083046192,19.515899547496605,4259.503006645629,6.6
73.86397423672766,19.515899547496605,2691.5373524484107,6.5
74.35804764299338,19.515899547496605,1645.33230735393,7.6
74.85212104925913,19.515899547496605,1318.1177708069968,7.8
75.34619445552487,19.515899547496605,1511.3843005969015,7.7
75.84026786179061,19.515899547496605,1642.6885787233064,7.8
76.33434126805633,19.515899547496605,1738.49380179629,7.9
76.82841467432208,19.515899547496605,2089.09773213294,7.7
77.32248808058782,19.515899547496605,2239.274014832441,7.5
77.81656148685354,19.515899547496605,2325.5192735072133,7.6
78.31063489311929,19.515899547496605,2492.296586791348,7.2
78.80470829938503,19.515899547496605,2764.55687373522,7.1
79.29878170565075,19.515899547496605,2762.938456042646,7.0
79.7928551119165,19.515899547496605,2902.271457471713,6.7
80.28692851818224,19.515899547496605,3105.5767229961903,6.1
80.78100192444796,19.515899547496605,3270.7159393410634,5.6
81.2750753307137,19.515899547496605,3282.448577687754,5.8
81.76914873697945,19.515899547496605,3134.0422592145915,6.1
82.26322214324517,19.515899547496605,3137.0854559299414,6.2
82.75729554951091,19.515899547496605,3268.2102113839983,6.3
83.25136895577666,19.515899547496605,3425.1214681965344,6.1
83.7454423620424,19.515899547496605,3348.652932932096,6.0
84.23951576830812,19.515899547496605,3172.382392636094,5.9
84.73358917457386,19.515899547496605,2947.513999415759,6.5
85.2276625808396,19.515899547496605,2858.916389993524,6.3
72.87582742419617,20.00997295376234,4391.953912699637,6.5
73.36990083046192,20.00997295376234,3158.031644287955,6.6
73.86397423672766,20.00997295376234,1891.9503869066696,7.0
74.35804764299338,20.00997295376234,1497.775987951185,7.6
74.85212104925913,20.00997295376234,1522.0930784771508,7.9
75.34619445552487,20.00997295376234,1638.9451373476325,7.6
75.84026786179061,20.00997295376234,1673.6724419409493,7.9
76.33434126805633,20.00997295376234,1788.6048258623748,7.9
76.82841467432208,20.00997295376234,1898.4779163034975,7.7
77.32248808058782,20.00997295376234,1996.743086847977,7.6
77.81656148685354,20.00997295376234,2143.5491164890686,7.5
78.31063489311929,20.00997295376234,2388.6273781215777,7.5
78.80470829938503,20.00997295376234,2571.7632437705934,7.4
79.29878170565075,20.00997295376234,2902.33541048592,7.0
79.7928551119165,20.00997295376234,2942.347376188311,6.6
80.28692851818224,20.00997295376234,3033.355282507195,5.9
80.78100192444796,20.00997295376234,3056.7392463219235,6.1
81.2750753307137,20.00997295376234,2963.481258682187,6.1
81.76914873697945,20.00997295376234,3016.359501681772,6.2
82.26322214324517,20.00997295376234,3177.203946754488,6.3
82.75729554951091,20.00997295376234,3169.7502135742566,6.6
83.25136895577666,20.00997295376234,3134.533504278249,6.4
83.7454423620424,20.00997295376234,3264.967023438655,5.8
84.23951576830812,20.00997295376234,3352.2006989863,6.0
84.73358917457386,20.00997295376234,3334.862875781676,6.3
85.2276625808396,20.00997295376234,3434.2251461638034,6.3
85.72173598710533,20.00997295376234,3494.1001006367924,6.2
86.21580939337107,20.00997295376234,3308.1013065542165,5.8
73.36990083046192,20.504046360028077,3341.111954682508,6.7
73.86397423672766,20.504046360028077,2325.90081777119,6.7
74.35804764299338,20.504046360028077,1726.671389145128,7.8
74.85212104925913,20.504046360028077,1579.9829618260412,7.7
75.34619445552487,20.504046360028077,1605.2739410570891,7.6
75.84026786179061,20.504046360028077,1631.4460858944803,7.5
76.33434126805633,20.504046360028077,1705.0578743588248,7.6
76.82841467432208,20.504046360028077,1658.7699436649243,7.9
77.32248808058782,20.504046360028077,1786.518750276406,7.8
77.81656148685354,20.504046360028077,1996.1819338098333,7.8
78.31063489311929,20.504046360028077,2227.9734675709005,7.6
78.80470829938503,20.504046360028077,2425.4706049586325,7.5
79.29878170565075,20.504046360028077,2607.73572258275,6.9
79.7928551119165,20.504046360028077,2736.948865734634,6.7
80.28692851818224,20.504046360028077,2866.378510796655,6.1
80.78100192444796,20.504046360028077,2833.2054892746487,6.2
81.2750753307137,20.504046360028077,2766.9072111890387,6.3
81.76914873697945,20.504046360028077,2912.740471614876,6.4
82.26322214324517,20.504046360028077,3103.1649814562256,6.2
82.75729554951091,20.504046360028077,3125.53025576074,6.3
83.25136895577666,20.504046360028077,3068.730894009376,6.5
83.7454423620424,20.504046360028077,3157.562821310752,5.9
84.23951576830812,20.504046360028077,3203.282466827887,5.9
84.73358917457386,20.504046360028077,3161.113216729662,6.0
85.2276625808396,20.504046360028077,3175.0177839921225,6.1
85.72173598710533,20.504046360028077,3186.759997488039,6.3
86.21580939337107,20.504046360028077,3195.682604372013,6.2
86.70988279963682,20.504046360028077,3272.4355134712005,6.0
70.4054603928675,20.998119766293815,2007.693372815565,7.3
70.89953379913324,20.998119766293815,1803.7729084977327,6.9
71.39360720539896,20.998119766293815,1615.2486574588809,7.7
72.87582742419617,20.998119766293815,3463.2685663847137,7.1
73.36990083046192,20.998119766293815,2972.999212579157,7.0
73.86397423672766,20.998119766293815,2368.697717979768,7.0
74.35804764299338,20.998119766293815,1891.1746314710365,7.7
74.85212104925913,20.998119766293815,1539.7766699418266,7.7
75.34619445552487,20.998119766293815,1701.4544834151718,7.7
75.84026786179061,20.998119766293815,1706.9111982650502,7.5
76.33434126805633,20.998119766293815,1645.0434928354468,7.5
76.82841467432208,20.998119766293815,1594.8689681066571,7.6
77.32248808058782,20.998119766293815,1703.2206028935484,7.7
77.81656148685354,20.998119766293815,1905.6908207103645,7.9
78.31063489311929,20.998119766293815,2227.1412435622105,7.4
78.80470829938503,20.998119766293815,2470.3888153995567,7.3
79.29878170565075,20.998119766293815,2576.2434152291453,7.3
79.7928551119165,20.998119766293815,2736.967067151428,6.4
80.28692851818224,20.998119766293815,2846.488977112117,6.3
80.78100192444796,20.998119766293815,2711.463018110767,6.4
81.2750753307137,20.998119766293815,2692.1491157647806,7.1
81.76914873697945,20.998119766293815,2834.4479004755603,6.9
82.26322214324517,20.998119766293815,2997.5863226276224,6.2
82.75729554951091,20.998119766293815,3063.410684481273,6.3
83.25136895577666,20.998119766293815,3116.078107497361,6.2
83.7454423620424,20.998119766293815,3247.6909240376394,6.4
84.23951576830812,20.998119766293815,3295.3869411140404,6.2
84.73358917457386,20.998119766293815,3134.7213307896063,5.9
85.2276625808396,20.998119766293815,3062.6220552079444,6.4
85.72173598710533,20.998119766293815,3108.929639593163,6.0
86.21580939337107,20.998119766293815,3261.9655842836305,6.3
86.70988279963682,20.998119766293815,3405.884633387968,6.3
69.91138698660176,21.492193172559553,1712.8557949170834,7.4
70.4054603928675,21.492193172559553,1814.4096564808217,7.5
70.89953379913324,21.492193172559553,1519.6309525127815,7.6
71.39360720539896,21.492193172559553,1477.766076509756,7.7
71.8876806116647,21.492193172559553,1612.7878536749256,7.5
72.87582742419617,21.492193172559553,2590.544553275329,7.3
73.36990083046192,21.492193172559553,2523.7753667953107,6.8
73.86397423672766,21.492193172559553,2183.3476878952847,7.2
74.35804764299338,21.492193172559553,1746.785401101904,7.6
74.85212104925913,21.492193172559553,1636.0485935331155,7.6
75.34619445552487,21.492193172559553,1876.3808391771224,7.5
75.84026786179061,21.492193172559553,2009.1873799296925,7.5
76.33434126805633,21.492193172559553,1913.83003062788,7.5
76.82841467432208,21.492193172559553,2210.189814161841,6.8
77.32248808058782,21.492193172559553,2374.0772388158302,6.5
77.81656148685354,21.492193172559553,2231.9510400494155,7.4
78.31063489311929,21.492193172559553,2380.2179940592537,7.5
78.80470829938503,21.492193172559553,2714.388744607756,7.4
79.29878170565075,21.492193172559553,2855.3484819773826,6.8
79.7928551119165,21.492193172559553,2854.459485652181,6.8
80.28692851818224,21.492193172559553,2959.4233099448365,6.5
80.78100192444796,21.492193172559553,3024.1821611138853,6.2
81.2750753307137,21.492193172559553,2753.827422337481,7.3
81.76914873697945,21.492193172559553,2878.509485447795,7.3
82.26322214324517,21.492193172559553,2987.757355669677,6.5
82.75729554951091,21.492193172559553,3085.6536450173044,6.3
83.25136895577666,21.492193172559553,3179.718880033648,6.2
83.7454423620424,21.492193172559553,3391.2662628609914,6.5
84.23951576830812,21.492193172559553,3373.5200620358787,6.3
84.73358917457386,21.492193172559553,3115.502719813321,6.0
85.2276625808396,21.492193172559553,2940.828358440992,6.1
85.72173598710533,21.492193172559553,3149.245987825707,6.1
86.21580939337107,21.492193172559553,3345.0432256720464,6.0
86.70988279963682,21.492193172559553,3502.959746721504,6.0
69.41731358033603,21.986266578825287,1389.785392435953,7.5
69.91138698660176,21.986266578825287,1542.99877022563,7.5
70.4054603928675,21.986266578825287,1450.8278845814928,7.7
70.89953379913324,21.986266578825287,1457.6573847436755,7.7
71.39360720539896,21.986266578825287,1472.70035997424,7.8
71.8876806116647,21.986266578825287,1544.803854169416,7.8
72.87582742419617,21.986266578825287,2196.056854062949,7.6
73.36990083046192,21.986266578825287,2383.6512543869844,7.1
73.86397423672766,21.986266578825287,2408.837944578315,7.2
74.35804764299338,21.986266578825287,2258.097816639975,7.4
74.85212104925913,21.986266578825287,1748.3605844719866,7.6
75.34619445552487,21.986266578825287,1738.176697603382,7.7
75.84026786179061,21.986266578825287,1772.3865122402262,7.8
76.33434126805633,21.986266578825287,1953.705675574712,7.7
76.82841467432208,21.986266578825287,2265.3185312887304,7.3
77.32248808058782,21.986266578825287,2438.7797822502357,7.0
77.81656148685354,21.986266578825287,2487.292925241864,6.9
78.31063489311929,21.986266578825287,2673.519035060622,7.0
78.80470829938503,21.986266578825287,2891.309839685238,7.0
79.29878170565075,21.986266578825287,3065.8124531440903,7.0
79.7928551119165,21.986266578825287,3130.237333521743,6.5
80.28692851818224,21.986266578825287,3119.8275094067585,6.1
80.78100192444796,21.986266578825287,3175.3782967610887,6.2
81.2750753307137,21.986266578825287,2748.9504071717165,7.0
81.76914873697945,21.986266578825287,2857.834673645297,7.0
82.26322214324517,21.986266578825287,2934.151498490376,6.9
82.75729554951091,21.986266578825287,2991.270171532945,6.5
83.25136895577666,21.986266578825287,3344.1352121095515,7.0
83.7454423620424,21.986266578825287,3188.7336145355484,6.6
84.23951576830812,21.986266578825287,3205.98839205952,6.7
84.73358917457386,21.986266578825287,3135.4088410877657,5.9
85.2276625808396,21.986266578825287,3026.072936852862,6.1
85.72173598710533,21.986266578825287,3215.837648889721,6.4
86.21580939337107,21.986266578825287,3335.9968207842794,5.7
86.70988279963682,21.986266578825287,3584.0863428275743,6.4
87.20395620590254,21.986266578825287,3765.0390389032023,6.3
87.69802961216828,21.986266578825287,3901.7444567734574,6.4
88.19210301843403,21.986266578825287,3754.3961210141088,6.4
69.91138698660176,22.480339985091025,1235.4228295344958,7.5
70.4054603928675,22.480339985091025,1380.4128368751844,7.6
70.89953379913324,22.480339985091025,1449.205917676026,7.7
71.39360720539896,22.480339985091025,1359.9867716164194,7.8
71.8876806116647,22.480339985091025,1474.1041497685624,7.8
72.38175401793045,22.480339985091025,1900.4183026754652,7.4
72.87582742419617,22.480339985091025,2312.101205531461,7.4
73.36990083046192,22.480339985091025,2221.21568068808,7.3
73.86397423672766,22.480339985091025,2221.629410989118,6.9
74.35804764299338,22.480339985091025,2086.327720099972,7.0
74.85212104925913,22.480339985091025,2016.8462275903255,7.6
75.34619445552487,22.480339985091025,2066.881497622673,7.5
75.84026786179061,22.480339985091025,2093.6610996110458,7.3
76.33434126805633,22.480339985091025,2186.756414739948,7.3
76.82841467432208,22.480339985091025,2365.665185274668,7.3
77.32248808058782,22.480339985091025,2586.3414175694807,7.5
77.81656148685354,22.480339985091025,2838.05943779659,6.9
78.31063489311929,22.480339985091025,3527.798636907549,6.4
78.80470829938503,22.480339985091025,3145.399738842994,6.7
79.29878170565075,22.480339985091025,2930.633429633206,7.3
79.7928551119165,22.480339985091025,2916.8352824714034,7.2
80.28692851818224,22.480339985091025,3031.7972189511056,6.7
80.78100192444796,22.480339985091025,3017.63739850743,6.6
81.2750753307137,22.480339985091025,3049.494333924589,6.3
81.76914873697945,22.480339985091025,3050.0316085087534,6.3
82.26322214324517,22.480339985091025,3015.28123050808,6.3
82.75729554951091,22.480339985091025,2994.615749358144,6.3
83.25136895577666,22.480339985091025,2964.025909364301,6.3
83.7454423620424,22.480339985091025,2979.406498408315,6.3
84.23951576830812,22.480339985091025,2996.8405995641,6.4
84.73358917457386,22.480339985091025,3017.3413096405798,6.6
85.2276625808396,22.480339985091025,2954.798135618074,6.4
85.72173598710533,22.480339985091025,2933.3525437724684,6.6
86.21580939337107,22.480339985091025,3149.891295169303,6.5
86.70988279963682,22.480339985091025,3369.8595039405477,6.5
87.20395620590254,22.480339985091025,3557.2998553058032,6.3
87.69802961216828,22.480339985091025,3607.2913974062894,6.6
88.19210301843403,22.480339985091025,3709.899834209532,6.3
88.68617642469975,22.480339985091025,3628.582647925541,6.4
92.63876367482565,22.480339985091025,5923.853773949566,5.4
93.1328370810914,22.480339985091025,4840.248594562152,5.3
69.41731358033603,22.974413391356762,896.6142790339945,7.5
69.91138698660176,22.974413391356762,918.083749305975,7.8
70.89953379913324,22.974413391356762,1169.002745310741,7.8
71.39360720539896,22.974413391356762,1170.9120335215237,7.7
71.8876806116647,22.974413391356762,1309.7912943021263,7.6
72.38175401793045,22.974413391356762,1662.6511123282194,7.5
72.87582742419617,22.974413391356762,2096.6863829858867,7.5
73.36990083046192,22.974413391356762,2104.2875454793348,7.2
73.86397423672766,22.974413391356762,2086.334318627999,7.1
74.35804764299338,22.974413391356762,1981.9615893192367,7.4
74.85212104925913,22.974413391356762,2066.819492915759,7.6
75.34619445552487,22.974413391356762,2001.374453698947,7.5
75.84026786179061,22.974413391356762,2005.852013806681,7.3
76.33434126805633,22.974413391356762,2229.911466382041,7.4
76.82841467432208,22.974413391356762,2457.3573654979973,7.2
77.32248808058782,22.974413391356762,2555.5507182757747,7.2
77.81656148685354,22.974413391356762,2773.568756770162,7.2
78.31063489311929,22.974413391356762,2816.278556448225,7.8
78.80470829938503,22.974413391356762,2817.42811124859,7.6
79.29878170565075,22.974413391356762,2861.83665937849,7.5
79.7928551119165,22.974413391356762,2918.868756084948,7.2
80.28692851818224,22.974413391356762,2888.2260116067714,6.9
80.78100192444796,22.974413391356762,2852.911428179284,6.9
81.2750753307137,22.974413391356762,2846.6809261745866,6.9
81.76914873697945,22.974413391356762,2808.1943590818764,6.8
82.26322214324517,22.974413391356762,2740.981424331532,6.8
82.75729554951091,22.974413391356762,2787.071612544857,6.5
83.25136895577666,22.974413391356762,2987.594629453184,6.4
83.7454423620424,22.974413391356762,2885.156178194714,6.2
84.23951576830812,22.974413391356762,2866.373265038025,6.3
84.73358917457386,22.974413391356762,2876.027085888621,6.7
85.2276625808396,22.974413391356762,2999.729434823384,6.4
85.72173598710533,22.974413391356762,2984.970913878486,6.5
86.21580939337107,22.974413391356762,3055.418856115338,6.7
86.70988279963682,22.974413391356762,3165.779323832621,6.6
87.20395620590254,22.974413391356762,3346.3885412179807,6.2
87.69802961216828,22.974413391356762,3289.492505407424,6.4
88.19210301843403,22.974413391356762,3390.2040079159096,6.5
88.68617642469975,22.974413391356762,3439.3454223017043,6.2
92.63876367482565,22.974413391356762,5941.055251077777,5.2
93.1328370810914,22.974413391356762,4881.888714609895,5.5
68.92324017407029,23.4684867976225,781.5378080318402,7.5
69.41731358033603,23.4684867976225,707.5054215398202,7.9
69.91138698660176,23.4684867976225,655.9152992806892,7.9
70.4054603928675,23.4684867976225,925.3273565565818,7.5
70.89953379913324,23.4684867976225,986.7247117216232,7.5
71.39360720539896,23.4684867976225,1066.8993458105715,7.4
71.8876806116647,23.4684867976225,1336.6410810020625,7.8
72.38175401793045,23.4684867976225,1644.0992791659307,7.6
72.87582742419617,23.4684867976225,2012.5677987817896,7.6
73.36990083046192,23.4684867976225,1948.4382745392145,7.2
73.86397423672766,23.4684867976225,1957.9291281289643,7.0
74.35804764299338,23.4684867976225,2117.5898505268497,7.5
74.85212104925913,23.4684867976225,2081.560610897058,7.6
75.34619445552487,23.4684867976225,1997.626885302868,7.5
75.84026786179061,23.4684867976225,2071.743689193401,7.6
76.33434126805633,23.4684867976225,2344.16613956964,7.8
76.82841467432208,23.4684867976225,2424.97417981142,7.5
77.32248808058782,23.4684867976225,2460.4548978430976,7.3
77.81656148685354,23.4684867976225,2612.897864854469,7.4
78.31063489311929,23.4684867976225,2669.303812489504,7.2
78.80470829938503,23.4684867976225,2761.3040408764277,7.2
79.29878170565075,23.4684867976225,2805.832633787957,7.3
79.7928551119165,23.4684867976225,2810.5600064978617,7.2
80.28692851818224,23.4684867976225,2788.9272718374696,6.7
80.78100192444796,23.4684867976225,2753.153947445874,6.9
81.2750753307137,23.4684867976225,2617.014002003333,6.9
81.76914873697945,23.4684867976225,2669.856538677421,6.6
82.26322214324517,23.4684867976225,2700.7090254434734,6.2
82.75729554951091,23.4684867976225,2711.299150696601,6.4
83.25136895577666,23.4684867976225,2815.9749512076296,6.4
83.7454423620424,23.4684867976225,2665.358515800589,6.3
84.23951576830812,23.4684867976225,2607.988137489182,6.2
84.73358917457386,23.4684867976225,2666.983328064864,6.4
85.2276625808396,23.4684867976225,3007.08841488242,6.6
85.72173598710533,23.4684867976225,2918.03526645822,6.9
86.21580939337107,23.4684867976225,2940.2852650611394,7.0
86.70988279963682,23.4684867976225,3049.477808866896,6.9
87.20395620590254,23.4684867976225,3244.4605052345382,6.7
87.69802961216828,23.4684867976225,3133.4125952270674,6.5
88.19210301843403,23.4684867976225,3187.057759936231,6.6
88.68617642469975,23.4684867976225,3263.257470617946,6.5
91.65061686229419,23.4684867976225,6171.069903609681,5.8
92.63876367482565,23.4684867976225,5668.6975649487085,5.3
93.1328370810914,23.4684867976225,4522.778022070008,5.4
68.42916676780455,23.962560203888234,782.5100049117416,7.4
68.92324017407029,23.962560203888234,718.4825839838644,7.3
69.41731358033603,23.962560203888234,540.374159627919,7.4
69.91138698660176,23.962560203888234,555.0987335462534,6.5
70.4054603928675,23.962560203888234,822.9326907381646,6.3
70.89953379913324,23.962560203888234,894.3773132750663,6.9
71.39360720539896,23.962560203888234,1038.563898549991,7.7
71.8876806116647,23.962560203888234,1420.555442292965,7.9
72.38175401793045,23.962560203888234,1733.3434914321638,7.7
72.87582742419617,23.962560203888234,2040.190043498948,7.4
73.36990083046192,23.962560203888234,1874.664162790561,7.2
73.86397423672766,23.962560203888234,1826.3706071155132,7.6
74.35804764299338,23.962560203888234,2005.6803627306829,7.4
74.85212104925913,23.962560203888234,2004.812456666384,7.6
75.34619445552487,23.962560203888234,1993.4384632310323,7.7
75.84026786179061,23.962560203888234,2083.1338783764654,7.8
76.33434126805633,23.962560203888234,2227.70956658646,8.0
76.82841467432208,23.962560203888234,2264.7869805022483,7.9
77.32248808058782,23.962560203888234,2321.7444064112847,7.5
77.81656148685354,23.962560203888234,2290.642551508144,7.5
78.31063489311929,23.962560203888234,2349.933679251268,7.7
78.80470829938503,23.962560203888234,2490.674387705792,7.3
79.29878170565075,23.962560203888234,2630.287624676479,7.4
79.7928551119165,23.962560203888234,2680.0337958947507,7.1
80.28692851818224,23.962560203888234,2632.095906848539,7.2
80.78100192444796,23.962560203888234,2543.906959015259,7.2
81.2750753307137,23.962560203888234,2467.7325307326014,6.9
81.76914873697945,23.962560203888234,2523.7415028314413,6.5
82.26322214324517,23.962560203888234,2564.8796206772595,6.6
82.75729554951091,23.962560203888234,2569.724064673777,6.8
83.25136895577666,23.962560203888234,2489.171096003509,6.7
83.7454423620424,23.962560203888234,2370.351702613191,6.9
84.23951576830812,23.962560203888234,2345.9377578472254,6.9
84.73358917457386,23.962560203888234,2471.6122260544826,6.6
85.2276625808396,23.962560203888234,2705.6530039246,6.6
85.72173598710533,23.962560203888234,2759.9442075314028,6.7
86.21580939337107,23.962560203888234,2782.075271051051,6.8
86.70988279963682,23.962560203888234,2921.493512377946,6.6
87.20395620590254,23.962560203888234,3124.3097066445944,6.6
87.69802961216828,23.962560203888234,3068.359260198871,6.6
88.19210301843403,23.962560203888234,3026.729545162056,6.6
88.68617642469975,23.962560203888234,3122.6584152478085,6.8
91.65061686229419,23.962560203888234,6250.018509824729,5.7
92.14469026855991,23.962560203888234,6530.3726875603625,5.7
92.63876367482565,23.962560203888234,5705.902349579891,5.3
93.1328370810914,23.962560203888234,4618.577542718267,5.3
94.12098389362286,23.962560203888234,3842.587819807554,5.4
71.39360720539896,24.456633610153972,1028.4956213178632,7.7
71.8876806116647,24.456633610153972,1357.8805654538503,7.8
72.38175401793045,24.456633610153972,1786.166893781687,7.7
72.87582742419617,24.456633610153972,2536.183757788714,7.3
73.36990083046192,24.456633610153972,1856.450035787563,7.1
73.86397423672766,24.456633610153972,1519.6917501667297,7.5
74.35804764299338,24.456633610153972,1665.2646765791385,7.6
74.85212104925913,24.456633610153972,1845.7934174419704,7.5
75.34619445552487,24.456633610153972,1886.8667775729,7.3
75.84026786179061,24.456633610153972,1854.3178421030148,7.7
76.33434126805633,24.456633610153972,1845.7700056991905,7.7
76.82841467432208,24.456633610153972,2031.517436776009,7.8
77.32248808058782,24.456633610153972,2148.7371863387552,7.4
77.81656148685354,24.456633610153972,2008.164290479136,7.6
78.31063489311929,24.456633610153972,2015.3339410863623,7.1
78.80470829938503,24.456633610153972,2139.038530629228,7.2
79.29878170565075,24.456633610153972,2261.1572951656817,6.8
79.7928551119165,24.456633610153972,2310.15800505639,6.9
80.28692851818224,24.456633610153972,2234.8656266005573,7.3
80.78100192444796,24.456633610153972,2219.582578962192,7.3
81.2750753307137,24.456633610153972,2083.227641861288,7.6
81.76914873697945,24.456633610153972,1988.2488581455195,7.0
82.26322214324517,24.456633610153972,2073.3741661900385,6.9
82.75729554951091,24.456633610153972,2175.2543075393187,6.9
83.25136895577666,24.456633610153972,2205.5395955015765,6.6
83.7454423620424,24.456633610153972,2202.4228907890542,6.7
84.23951576830812,24.456633610153972,2181.3665118254103,7.0
84.73358917457386,24.456633610153972,2164.25026759888,7.0
85.2276625808396,24.456633610153972,2451.1470841217742,6.9
85.72173598710533,24.456633610153972,2585.432576239021,6.6
86.21580939337107,24.456633610153972,2640.4710420294828,6.7
86.70988279963682,24.456633610153972,2731.441109835472,6.7
87.20395620590254,24.456633610153972,3096.175453714609,6.5
87.69802961216828,24.456633610153972,3089.033017175644,6.7
88.19210301843403,24.456633610153972,3048.805742704591,6.6
92.63876367482565,24.456633610153972,6968.912120516305,6.0
93.1328370810914,24.456633610153972,6224.210900058457,5.4
93.62691048735712,24.456633610153972,3303.444175785604,5.8
94.12098389362286,24.456633610153972,3398.632965277264,6.2
71.39360720539896,24.95070701641971,905.13939106373,8.0
71.8876806116647,24.95070701641971,1146.1631977370052,7.9
72.38175401793045,24.95070701641971,1499.0817494118485,7.6
72.87582742419617,24.95070701641971,1579.9518704676657,7.5
73.36990083046192,24.95070701641971,1616.2056159122703,7.1
73.86397423672766,24.95070701641971,1547.178901044729,7.5
74.35804764299338,24.95070701641971,1640.3041326080274,7.6
74.85212104925913,24.95070701641971,1735.108884315948,7.1
75.34619445552487,24.95070701641971,1737.4277509943538,7.2
75.84026786179061,24.95070701641971,1663.225444428091,7.5
76.33434126805633,24.95070701641971,1693.7043578564062,7.7
76.82841467432208,24.95070701641971,1829.3897700069897,7.5
77.32248808058782,24.95070701641971,1859.2122175539012,7.4
77.81656148685354,24.95070701641971,1806.786556540968,7.5
78.31063489311929,24.95070701641971,1883.484506148584,7.0
78.80470829938503,24.95070701641971,1953.0149893788132,7.0
79.29878170565075,24.95070701641971,2048.137003025048,6.8
79.7928551119165,24.95070701641971,2116.8085423185225,7.1
80.28692851818224,24.95070701641971,2124.8917761750467,6.9
80.78100192444796,24.95070701641971,2128.750468751115,7.0
81.2750753307137,24.95070701641971,1900.1747404107707,7.1
81.76914873697945,24.95070701641971,1935.719070724464,6.9
82.26322214324517,24.95070701641971,2025.281057668224,7.0
82.75729554951091,24.95070701641971,2092.895590358874,6.8
83.25136895577666,24.95070701641971,2161.3250858092038,6.7
83.7454423620424,24.95070701641971,2169.7807147034373,6.7
84.23951576830812,24.95070701641971,2146.147013550787,7.0
84.73358917457386,24.95070701641971,2173.10430776016,7.2
85.2276625808396,24.95070701641971,2375.7545441928933,7.2
85.72173598710533,24.95070701641971,2481.4419902716554,6.9
86.21580939337107,24.95070701641971,2366.2579634640542,6.9
86.70988279963682,24.95070701641971,2567.591273081566,6.7
87.20395620590254,24.95070701641971,2960.715310210768,6.7
87.69802961216828,24.95070701641971,3036.486446245134,6.7
92.63876367482565,24.95070701641971,7228.59401136287,6.1
93.1328370810914,24.95070701641971,6186.196646142586,5.6
93.62691048735712,24.95070701641971,3295.991881004069,5.7
94.12098389362286,24.95070701641971,3211.2079883841216,6.3
94.6150572998886,24.95070701641971,3862.466252286786,5.4
70.89953379913324,25.444780422685447,742.6804249490145,8.3
71.39360720539896,25.444780422685447,781.722723924648,8.3
71.8876806116647,25.444780422685447,886.8181600291689,8.3
72.38175401793045,25.444780422685447,982.0407240328284,7.8
72.87582742419617,25.444780422685447,1182.009257401991,7.9
73.36990083046192,25.444780422685447,1252.7405621647747,7.6
73.86397423672766,25.444780422685447,1361.484357800899,7.5
74.35804764299338,25.444780422685447,1464.8798350809736,7.6
74.85212104925913,25.444780422685447,1648.2619071232525,7.6
75.34619445552487,25.444780422685447,1626.0970437230865,7.5
75.84026786179061,25.444780422685447,1597.9463760364524,7.6
76.33434126805633,25.444780422685447,1624.2771979998715,7.8
76.82841467432208,25.444780422685447,1775.542145511364,7.4
77.32248808058782,25.444780422685447,1741.2984998702163,7.2
77.81656148685354,25.444780422685447,1673.6194620515785,7.3
78.31063489311929,25.444780422685447,1698.1238564606756,7.0
78.80470829938503,25.444780422685447,1786.702648265897,6.9
79.29878170565075,25.444780422685447,1871.6180317988765,7.3
79.7928551119165,25.444780422685447,1920.001180623197,7.4
80.28692851818224,25.444780422685447,1918.2767300696023,7.3
80.78100192444796,25.444780422685447,1968.5809425939035,7.4
81.2750753307137,25.444780422685447,1805.29609126472,7.3
81.76914873697945,25.444780422685447,1804.5014480057991,7.4
82.26322214324517,25.444780422685447,1990.0808353511904,7.3
82.75729554951091,25.444780422685447,1979.9213207239463,7.3
83.25136895577666,25.444780422685447,2140.009038663949,7.0
83.7454423620424,25.444780422685447,2156.594140678918,6.8
84.23951576830812,25.444780422685447,2109.988526949177,6.7
84.73358917457386,25.444780422685447,2115.040407355509,7.0
85.2276625808396,25.444780422685447,2319.057546996509,7.1
85.72173598710533,25.444780422685447,2435.588999131419,7.2
86.21580939337107,25.444780422685447,2548.4725933871778,7.2
86.70988279963682,25.444780422685447,2729.097030299142,7.0
87.20395620590254,25.444780422685447,3112.3217978247685,6.9
87.69802961216828,25.444780422685447,3340.9272240751134,6.7
88.19210301843403,25.444780422685447,3495.5223003753454,6.7
88.68617642469975,25.444780422685447,3584.3204233921238,6.5
90.16839664349696,25.444780422685447,7229.851917828472,5.4
90.6624700497627,25.444780422685447,7576.944649372349,5.3
91.15654345602844,25.444780422685447,8270.909899378472,5.1
91.65061686229419,25.444780422685447,7166.43303184172,5.1
92.14469026855991,25.444780422685447,6631.295544731524,5.4
92.63876367482565,25.444780422685447,5803.463755552611,5.6
93.1328370810914,25.444780422685447,4766.739915290568,5.5
93.62691048735712,25.444780422685447,3461.3282961993013,5.3
94.12098389362286,25.444780422685447,3304.731188241043,5.4
94.6150572998886,25.444780422685447,3437.9412691919883,5.4
70.4054603928675,25.93885382895118,623.3634957804786,8.3
70.89953379913324,25.93885382895118,677.2322864613816,8.3
71.39360720539896,25.93885382895118,658.1693182874035,8.3
71.8876806116647,25.93885382895118,783.7179681467784,8.3
72.38175401793045,25.93885382895118,839.3491812372591,8.3
72.87582742419617,25.93885382895118,951.8192019049133,7.9
73.36990083046192,25.93885382895118,1025.557309184108,7.8
73.86397423672766,25.93885382895118,1197.0789332018487,7.8
74.35804764299338,25.93885382895118,1311.7035723390486,7.6
74.85212104925913,25.93885382895118,1385.21760629065,7.7
75.34619445552487,25.93885382895118,1410.340016468564,7.6
75.84026786179061,25.93885382895118,1406.6147846891467,7.6
76.33434126805633,25.93885382895118,1512.5068179891448,7.4
76.82841467432208,25.93885382895118,1643.163136858249,7.4
77.32248808058782,25.93885382895118,1585.544431318912,7.4
77.81656148685354,25.93885382895118,1553.9765387483094,7.2
78.31063489311929,25.93885382895118,1560.07702773804,7.2
78.80470829938503,25.93885382895118,1655.9227866340848,7.5
79.29878170565075,25.93885382895118,1842.2043179122325,7.8
79.7928551119165,25.93885382895118,1804.1044882523504,7.7
80.28692851818224,25.93885382895118,1797.5677685234186,7.5
80.78100192444796,25.93885382895118,1753.1433141415012,7.6
81.2750753307137,25.93885382895118,1828.8635010354692,7.4
81.76914873697945,25.93885382895118,1886.081538218652,7.3
82.26322214324517,25.93885382895118,2069.6188856360995,7.2
82.75729554951091,25.93885382895118,2044.2634508868773,7.1
83.25136895577666,25.93885382895118,2212.9283059418567,7.2
83.7454423620424,25.93885382895118,2213.6818788881724,7.2
84.23951576830812,25.93885382895118,2167.984749532239,7.1
84.73358917457386,25.93885382895118,2210.086823890423,7.1
85.2276625808396,25.93885382895118,2323.405344605854,7.1
85.72173598710533,25.93885382895118,2498.4960916435807,7.0
86.21580939337107,25.93885382895118,2598.4236745921407,6.9
86.70988279963682,25.93885382895118,2887.912113209739,7.0
87.20395620590254,25.93885382895118,3628.181565443637,6.6
87.69802961216828,25.93885382895118,3954.187302199009,6.7
90.16839664349696,25.93885382895118,6636.0910458944345,5.7
90.6624700497627,25.93885382895118,6758.424015579757,5.7
91.15654345602844,25.93885382895118,6616.4027436329225,5.7
91.65061686229419,25.93885382895118,5155.201860761902,5.4
92.14469026855991,25.93885382895118,5101.300910672481,5.2
92.63876367482565,25.93885382895118,4772.578663878385,5.8
93.1328370810914,25.93885382895118,3827.250087975125,6.0
93.62691048735712,25.93885382895118,4426.018298128336,6.3
94.12098389362286,25.93885382895118,4136.653715431579,5.6
94.6150572998886,25.93885382895118,3596.5667800905185,5.3
70.4054603928675,26.43292723521692,454.84943017254346,8.3
70.89953379913324,26.43292723521692,476.6519610378251,8.3
71.39360720539896,26.43292723521692,486.9651459091037,8.3
71.8876806116647,26.43292723521692,548.8006083573677,8.3
72.38175401793045,26.43292723521692,623.9931915418155,8.2
72.87582742419617,26.43292723521692,781.1024953928104,8.1
73.36990083046192,26.43292723521692,803.5465860159435,8.2
73.86397423672766,26.43292723521692,879.2086491416434,7.9
74.35804764299338,26.43292723521692,1100.29863735631,7.7
74.85212104925913,26.43292723521692,1124.7847843054358,7.7
75.34619445552487,26.43292723521692,1117.0493768379597,7.8
75.84026786179061,26.43292723521692,1201.7555073094322,7.9
76.33434126805633,26.43292723521692,1283.0612941908312,7.6
76.82841467432208,26.43292723521692,1410.4257565122757,7.5
77.32248808058782,26.43292723521692,1428.903462849672,7.7
77.81656148685354,26.43292723521692,1490.2341635052685,7.6
78.31063489311929,26.43292723521692,1472.4573125930935,7.6
78.80470829938503,26.43292723521692,1686.0243555173297,7.6
79.29878170565075,26.43292723521692,1774.318140116279,7.5
79.7928551119165,26.43292723521692,1833.3802666568004,7.5
80.28692851818224,26.43292723521692,1822.768864824963,7.6
80.78100192444796,26.43292723521692,1943.6976618161475,7.4
81.2750753307137,26.43292723521692,2054.853480871511,7.3
81.76914873697945,26.43292723521692,2136.5250040447027,7.3
82.26322214324517,26.43292723521692,2330.602338028357,7.2
82.75729554951091,26.43292723521692,2506.1111254090065,7.2
83.25136895577666,26.43292723521692,2582.865633968405,7.3
83.7454423620424,26.43292723521692,2881.111783274572,7.2
84.23951576830812,26.43292723521692,2908.6202072680057,7.2
84.73358917457386,26.43292723521692,2823.00685102646,7.2
85.2276625808396,26.43292723521692,2960.637312026651,6.9
85.72173598710533,26.43292723521692,2780.6712128453337,6.8
86.21580939337107,26.43292723521692,2940.292622679091,6.8
86.70988279963682,26.43292723521692,3418.4535964758884,6.8
88.19210301843403,26.43292723521692,5173.196172122797,6.3
88.68617642469975,26.43292723521692,6091.206295852291,6.3
89.1802498309655,26.43292723521692,6313.576268557737,6.1
89.67432323723123,26.43292723521692,6551.577873136322,6.2
90.16839664349696,26.43292723521692,6656.778834601064,6.2
90.6624700497627,26.43292723521692,6216.32269510742,6.2
91.15654345602844,26.43292723521692,5377.707146226347,6.2
91.65061686229419,26.43292723521692,4348.091388380388,6.3
92.14469026855991,26.43292723521692,4449.453535763949,6.6
92.63876367482565,26.43292723521692,4383.232460202241,6.3
93.1328370810914,26.43292723521692,4459.686562070902,5.3
93.62691048735712,26.43292723521692,4825.097553516365,5.6
94.12098389362286,26.43292723521692,5162.202987449244,6.1
94.6150572998886,26.43292723521692,5191.572519341158,5.3
69.91138698660176,26.927000641482657,306.76502070365325,8.2
70.4054603928675,26.927000641482657,401.4005238475047,8.3
70.89953379913324,26.927000641482657,403.8975361576776,8.2
71.39360720539896,26.927000641482657,452.06261886881,8.2
71.8876806116647,26.927000641482657,551.5630668184182,8.2
72.38175401793045,26.927000641482657,581.7199896500103,8.2
72.87582742419617,26.927000641482657,672.0588190324546,8.2
73.36990083046192,26.927000641482657,665.8907176537008,8.2
73.86397423672766,26.927000641482657,734.9764341625066,8.3
74.35804764299338,26.927000641482657,902.0349578353414,8.0
74.85212104925913,26.927000641482657,1061.621020829347,8.0
75.34619445552487,26.927000641482657,1096.9976745938304,7.9
75.84026786179061,26.927000641482657,1215.9254021635477,7.6
76.33434126805633,26.927000641482657,1303.0496657010035,7.6
76.82841467432208,26.927000641482657,1385.0412292427147,7.7
77.32248808058782,26.927000641482657,1413.6306871162312,7.6
77.81656148685354,26.927000641482657,1483.1913417377468,7.9
78.31063489311929,26.927000641482657,1479.0963315899064,7.7
78.80470829938503,26.927000641482657,1612.9007542308725,7.5
79.29878170565075,26.927000641482657,1900.9730724221288,7.5
79.7928551119165,26.927000641482657,1990.8371315569905,7.4
80.28692851818224,26.927000641482657,2105.0276966913425,7.4
80.78100192444796,26.927000641482657,2200.734607321509,7.3
81.2750753307137,26.927000641482657,2265.5133901286054,7.4
81.76914873697945,26.927000641482657,2338.136860257725,7.2
82.26322214324517,26.927000641482657,2601.829904903389,6.8
82.75729554951091,26.927000641482657,2714.6083662879078,7.1
83.25136895577666,26.927000641482657,3027.690373255356,6.9
83.7454423620424,26.927000641482657,3310.019968582457,7.0
84.23951576830812,26.927000641482657,3391.8493575169477,7.1
84.73358917457386,26.927000641482657,3351.225865873415,7.0
88.19210301843403,26.927000641482657,4520.139875319891,5.5
88.68617642469975,26.927000641482657,4766.505385643101,5.8
92.14469026855991,26.927000641482657,3017.52917944215,5.6
92.63876367482565,26.927000641482657,3908.5036849385097,5.9
93.1328370810914,26.927000641482657,4384.553990153685,5.4
93.62691048735712,26.927000641482657,5191.424015364423,5.8
94.12098389362286,26.927000641482657,5767.331162603945,6.1
94.6150572998886,26.927000641482657,5301.601972803101,6.1
95.10913070615433,26.927000641482657,5493.029325218871,5.6
95.60320411242007,26.927000641482657,5019.359171017912,5.2
69.91138698660176,27.421074047748395,272.9604383824636,8.2
70.4054603928675,27.421074047748395,346.5734799517222,8.2
70.89953379913324,27.421074047748395,357.6429412455367,8.2
71.39360720539896,27.421074047748395,428.9007945807415,8.2
71.8876806116647,27.421074047748395,489.0719126358561,8.3
72.38175401793045,27.421074047748395,527.584449864032,8.3
72.87582742419617,27.421074047748395,574.8637420587696,8.3
73.36990083046192,27.421074047748395,572.8249545349474,8.3
73.86397423672766,27.421074047748395,650.413116901195,8.2
74.35804764299338,27.421074047748395,794.7990676045554,8.2
74.85212104925913,27.421074047748395,981.0105941261238,8.2
75.34619445552487,27.421074047748395,1098.690106833883,7.8
75.84026786179061,27.421074047748395,1256.8237382341,7.7
76.33434126805633,27.421074047748395,1442.798537545411,7.4
76.82841467432208,27.421074047748395,1407.4201919632458,7.7
77.32248808058782,27.421074047748395,1349.6027702458073,7.8
77.81656148685354,27.421074047748395,1426.7726616194388,7.7
78.31063489311929,27.421074047748395,1514.138859840416,7.7
78.80470829938503,27.421074047748395,1731.7769279803674,7.6
79.29878170565075,27.421074047748395,2024.7875539801528,7.6
79.7928551119165,27.421074047748395,2187.494208092829,7.4
80.28692851818224,27.421074047748395,2286.468199268893,7.4
80.78100192444796,27.421074047748395,2245.8698592895007,7.3
81.2750753307137,27.421074047748395,2450.989231315469,7.2
81.76914873697945,27.421074047748395,2636.1999120171704,7.0
82.26322214324517,27.421074047748395,2997.6886601854776,7.0
82.75729554951091,27.421074047748395,3085.2577461465494,7.1
84.23951576830812,27.421074047748395,4031.095080686704,6.0
88.19210301843403,27.421074047748395,3310.5188710006173,5.6
88.68617642469975,27.421074047748395,2764.4240228793547,5.7
92.14469026855991,27.421074047748395,1067.2755184061257,5.7
92.63876367482565,27.421074047748395,1863.028939105326,5.4
93.1328370810914,27.421074047748395,2946.789239304562,5.3
93.62691048735712,27.421074047748395,4468.742307522861,5.3
94.12098389362286,27.421074047748395,5974.244743495239,5.2
94.6150572998886,27.421074047748395,5585.311228912385,6.1
95.10913070615433,27.421074047748395,5390.452393145897,6.2
95.60320411242007,27.421074047748395,5557.604536076365,6.0
96.09727751868581,27.421074047748395,5972.998917640584,5.5
96.59135092495154,27.421074047748395,5866.808895999094,5.2
70.4054603928675,27.91514745401413,381.3041406380683,8.2
71.8876806116647,27.91514745401413,398.3733992295388,8.2
72.38175401793045,27.91514745401413,462.0452696771803,8.2
72.87582742419617,27.91514745401413,558.2694572875444,8.2
73.36990083046192,27.91514745401413,632.8653827933886,8.2
73.86397423672766,27.91514745401413,665.814991141134,8.1
74.35804764299338,27.91514745401413,720.2079118438065,8.2
74.85212104925913,27.91514745401413,924.7820896977294,8.2
75.34619445552487,27.91514745401413,1043.3261467074203,7.9
75.84026786179061,27.91514745401413,1181.913472447988,7.7
76.33434126805633,27.91514745401413,1272.4912816272015,7.7
76.82841467432208,27.91514745401413,1466.1419485479937,7.7
77.32248808058782,27.91514745401413,1388.3800210628287,7.8
77.81656148685354,27.91514745401413,1444.7798372451762,7.9
78.31063489311929,27.91514745401413,1647.337473950161,7.7
78.80470829938503,27.91514745401413,1892.79022082515,7.6
79.29878170565075,27.91514745401413,2126.8895352737068,7.6
79.7928551119165,27.91514745401413,2273.83210236441,7.4
80.28692851818224,27.91514745401413,2507.925572671216,7.2
80.78100192444796,27.91514745401413,2447.7673728511136,7.2
81.2750753307137,27.91514745401413,2574.178567186282,7.2
81.76914873697945,27.91514745401413,2866.731262594796,6.8
88.19210301843403,27.91514745401413,2809.857173761796,7.4
88.68617642469975,27.91514745401413,2064.3867245897954,7.1
93.1328370810914,27.91514745401413,1833.346112599896,5.5
93.62691048735712,27.91514745401413,3595.8984557301765,5.4
94.12098389362286,27.91514745401413,4426.445399369206,5.2
94.6150572998886,27.91514745401413,5046.567541734129,5.5
95.10913070615433,27.91514745401413,5733.768188048433,5.5
95.60320411242007,27.91514745401413,6444.867352060556,5.9
96.09727751868581,27.91514745401413,5867.925954404462,5.5
96.59135092495154,27.91514745401413,4820.604977041833,5.5
97.08542433121728,27.91514745401413,4259.605245283059,5.5
72.38175401793045,28.409220860279866,424.5536826226914,8.2
72.87582742419617,28.409220860279866,459.90650440318205,8.2
73.36990083046192,28.409220860279866,497.610154424014,8.3
73.86397423672766,28.409220860279866,591.6319530696962,8.3
74.35804764299338,28.409220860279866,693.1711453362168,8.2
74.85212104925913,28.409220860279866,871.6736857135078,8.3
75.34619445552487,28.409220860279866,867.6323834845825,8.3
75.84026786179061,28.409220860279866,1037.410323103101,7.8
76.33434126805633,28.409220860279866,1171.6250736379748,7.8
76.82841467432208,28.409220860279866,1401.247549693202,7.8
77.32248808058782,28.409220860279866,1680.545800461323,7.8
77.81656148685354,28.409220860279866,1770.4170759103763,7.9
78.31063489311929,28.409220860279866,2055.433039043384,7.6
78.80470829938503,28.409220860279866,2246.6536563882064,7.3
79.29878170565075,28.409220860279866,2434.117925873604,7.5
79.7928551119165,28.409220860279866,2647.9205223127624,7.3
80.28692851818224,28.409220860279866,3150.1131733621137,6.8
80.78100192444796,28.409220860279866,3389.834015389486,7.1
93.62691048735712,28.409220860279866,1847.8975582697312,5.4
94.12098389362286,28.409220860279866,2676.8019462874045,5.4
94.6150572998886,28.409220860279866,3904.084346965363,5.3
95.10913070615433,28.409220860279866,4680.175094547341,5.6
95.60320411242007,28.409220860279866,3932.234390824373,5.7
96.09727751868581,28.409220860279866,2540.223124804208,5.4
96.59135092495154,28.409220860279866,1806.1428565083072,5.5
72.87582742419617,28.903294266545604,426.87234573531225,8.2
73.36990083046192,28.903294266545604,467.9488245360464,8.2
73.86397423672766,28.903294266545604,523.009232994893,8.2
74.35804764299338,28.903294266545604,647.1965147672411,8.2
74.85212104925913,28.903294266545604,823.0817260754411,8.2
75.34619445552487,28.903294266545604,891.35340431722,8.3
75.84026786179061,28.903294266545604,1004.1294122878904,8.0
76.33434126805633,28.903294266545604,1072.8860257149022,7.9
76.82841467432208,28.903294266545604,1436.1944327989945,8.0
77.32248808058782,28.903294266545604,1653.4220983826526,7.8
77.81656148685354,28.903294266545604,1929.829895777616,7.7
78.31063489311929,28.903294266545604,2288.3272783067973,7.4
78.80470829938503,28.903294266545604,2547.692001135604,7.3
79.29878170565075,28.903294266545604,2904.0454965220256,7.2
79.7928551119165,28.903294266545604,3001.981753167034,7.0
94.6150572998886,28.903294266545604,2581.2569586853574,5.5
95.10913070615433,28.903294266545604,3598.4722466697044,5.4
95.60320411242007,28.903294266545604,2136.207708584631,5.6
96.09727751868581,28.903294266545604,1433.0894269709524,5.7
73.36990083046192,29.397367672811342,379.5127214354391,8.2
73.86397423672766,29.397367672811342,444.0835676935091,8.2
74.35804764299338,29.397367672811342,594.7784528582906,8.1
74.85212104925913,29.397367672811342,804.733167810525,8.1
75.34619445552487,29.397367672811342,882.763086001444,8.0
75.84026786179061,29.397367672811342,1016.7727842968296,7.8
76.33434126805633,29.397367672811342,1148.04259005583,8.0
76.82841467432208,29.397367672811342,1520.581828127339,8.0
77.32248808058782,29.397367672811342,1846.5584205054,7.5
77.81656148685354,29.397367672811342,2125.274070254486,7.2
78.31063489311929,29.397367672811342,2343.132992256058,7.2
78.80470829938503,29.397367672811342,2925.245621550184,6.8
79.29878170565075,29.397367672811342,3264.6952591350782,5.9
79.7928551119165,29.397367672811342,2571.150958540772,6.0
73.86397423672766,29.891441079077076,494.0890956961762,8.2
74.35804764299338,29.891441079077076,615.8708343035867,8.0
74.85212104925913,29.891441079077076,844.714030639239,7.8
75.34619445552487,29.891441079077076,856.4172822287821,7.9
75.84026786179061,29.891441079077076,971.4475467799818,7.6
76.33434126805633,29.891441079077076,1162.3480213881812,7.7
76.82841467432208,29.891441079077076,1461.0075746717002,7.1
77.32248808058782,29.891441079077076,1890.7264815071817,7.1
77.81656148685354,29.891441079077076,2108.0425654079254,7.1
78.31063489311929,29.891441079077076,2380.265045097752,6.4
78.80470829938503,29.891441079077076,2650.773310114981,6.4
79.29878170565075,29.891441079077076,2523.067815333679,6.1
79.7928551119165,29.891441079077076,2543.3292328930133,6.4
80.28692851818224,29.891441079077076,2864.8327048565216,6.2
74.35804764299338,30.385514485342814,691.2442299406619,7.9
74.85212104925913,30.385514485342814,942.7946303760712,7.8
75.34619445552487,30.385514485342814,970.1688667007926,7.6
75.84026786179061,30.385514485342814,1023.0823744917628,7.5
76.33434126805633,30.385514485342814,1213.9661243538308,7.4
76.82841467432208,30.385514485342814,1766.8929743912563,7.3
77.32248808058782,30.385514485342814,2115.744228927372,6.9
77.81656148685354,30.385514485342814,2652.2895653180994,6.4
78.31063489311929,30.385514485342814,2876.028648698106,6.1
78.80470829938503,30.385514485342814,2234.841369606368,5.9
79.29878170565075,30.385514485342814,2335.9090655997047,6.0
79.7928551119165,30.385514485342814,2712.1300784268124,6.3
80.28692851818224,30.385514485342814,2563.3223424633197,6.6
74.85212104925913,30.87958789160855,1147.3171742757254,7.8
75.34619445552487,30.87958789160855,1246.991655266114,7.7
75.84026786179061,30.87958789160855,1289.1112620630215,7.5
76.33434126805633,30.87958789160855,1506.5911504630412,7.2
76.82841467432208,30.87958789160855,2225.638491069856,6.4
77.32248808058782,30.87958789160855,2088.3093522057416,6.2
77.81656148685354,30.87958789160855,1991.325445826952,6.3
78.31063489311929,30.87958789160855,2344.8793825691087,6.1
78.80470829938503,30.87958789160855,1728.6373511557,6.2
79.29878170565075,30.87958789160855,1560.6056454120612,6.7
79.7928551119165,30.87958789160855,1099.0014397462946,6.9
74.85212104925913,31.37366129787429,1301.5703006382348,8.0
75.34619445552487,31.37366129787429,1351.1035942659803,7.4
75.84026786179061,31.37366129787429,1495.8379302820151,7.2
76.33434126805633,31.37366129787429,1763.008513568087,6.4
76.82841467432208,31.37366129787429,2295.906587721276,6.3
77.32248808058782,31.37366129787429,1676.4239496393025,6.0
77.81656148685354,31.37366129787429,1554.9374916932666,6.3
78.31063489311929,31.37366129787429,1573.724790877098,6.6
74.85212104925913,31.867734704140023,1609.1692098217777,7.7
75.34619445552487,31.867734704140023,1797.727858621298,7.4
75.84026786179061,31.867734704140023,2064.5841887081133,6.6
76.33434126805633,31.867734704140023,2613.5135180766365,6.3
76.82841467432208,31.867734704140023,2140.055306316536,6.1
77.32248808058782,31.867734704140023,1459.3512325699248,6.3
77.81656148685354,31.867734704140023,1438.297938366803,6.1
78.31063489311929,31.867734704140023,910.7628114188104,6.9
75.34619445552487,32.36180811040576,2052.537376082857,7.3
75.84026786179061,32.36180811040576,2529.443622489377,6.3
76.33434126805633,32.36180811040576,3598.261595955823,5.8
76.82841467432208,32.36180811040576,1672.4413935130942,6.0
77.32248808058782,32.36180811040576,1180.149706976686,6.0
77.81656148685354,32.36180811040576,912.0827087586362,6.9
78.31063489311929,32.36180811040576,574.7718223858216,7.2
74.85212104925913,32.855881516671495,2546.687879386061,6.9
75.34619445552487,32.855881516671495,2136.025696309825,6.3
75.84026786179061,32.855881516671495,1844.4671315936216,5.9
76.33434126805633,32.855881516671495,1333.4889876648294,6.1
76.82841467432208,32.855881516671495,999.9345583180668,6.5
77.32248808058782,32.855881516671495,579.1756374677284,6.9
77.81656148685354,32.855881516671495,437.2893553819522,7.2
78.31063489311929,32.855881516671495,373.3176113244532,7.7
78.80470829938503,32.855881516671495,408.7619694757483,8.0
74.35804764299338,33.349954922937236,2618.241207173286,6.5
74.85212104925913,33.349954922937236,2637.430996811608,6.2
75.34619445552487,33.349954922937236,1513.0147785067445,6.2
75.84026786179061,33.349954922937236,1166.2711609465916,6.3
76.33434126805633,33.349954922937236,1094.5744197066874,6.4
76.82841467432208,33.349954922937236,632.0275704058397,7.1
77.32248808058782,33.349954922937236,420.33986889449295,7.3
77.81656148685354,33.349954922937236,390.15733634382775,7.4
78.31063489311929,33.349954922937236,368.9866255348296,7.7
78.80470829938503,33.349954922937236,337.9279732193315,7.7
74.35804764299338,33.84402832920297,2822.333271709164,6.1
74.85212104925913,33.84402832920297,1440.6374467021058,6.9
75.34619445552487,33.84402832920297,1171.6080282801872,6.3
75.84026786179061,33.84402832920297,1353.016046724438,6.5
76.33434126805633,33.84402832920297,1269.904376528549,7.0
76.82841467432208,33.84402832920297,396.987544381601,7.3
77.32248808058782,33.84402832920297,366.5573947635581,7.7
77.81656148685354,33.84402832920297,397.6518757304119,8.0
78.31063489311929,33.84402832920297,365.7422712364758,7.7
73.86397423672766,34.33810173546871,2184.825708042153,6.5
74.35804764299338,34.33810173546871,1787.720427687677,6.8
74.85212104925913,34.33810173546871,1355.8553712678374,6.1
75.34619445552487,34.33810173546871,1229.1330636183127,6.5
75.84026786179061,34.33810173546871,1185.4242225620242,7.0
76.33434126805633,34.33810173546871,794.8814516959486,7.7
76.82841467432208,34.33810173546871,424.07878784095374,7.3
77.32248808058782,34.33810173546871,386.23405077133793,6.9
77.81656148685354,34.33810173546871,291.0074460222124,7.6
78.31063489311929,34.33810173546871,325.7465966071628,7.0
78.80470829938503,34.33810173546871,269.8548914669348,7.6
76.82841467432208,34.832175141734446,443.2989079887964,6.8
77.32248808058782,34.832175141734446,478.9527556843499,7.3
77.81656148685354,34.832175141734446,550.6728296174947,7.1
77.81656148685354,35.32624854800018,308.26143227946835,7.4
